-- Generated by Oracle SQL Developer Data Modeler 23.1.0.087.0806
--   at:        2024-09-22 10:12:37 CST
--   site:      Oracle Database 11g
--   type:      Oracle Database 11g



-- predefined type, no DDL - MDSYS.SDO_GEOMETRY

-- predefined type, no DDL - XMLTYPE

CREATE TABLE correo_electronico (
    codigo_correo     VARCHAR2(10 BYTE) NOT NULL,
    correo            VARCHAR2(50 BYTE) NOT NULL,
    codigo_jugador    VARCHAR2(10 BYTE) NOT NULL,
    codigo_presidente VARCHAR2(10 BYTE) NOT NULL
);

ALTER TABLE correo_electronico ADD CONSTRAINT correo_electronico_pk PRIMARY KEY ( codigo_correo );

CREATE TABLE departamento (
    codigo_departamento VARCHAR2(10 BYTE) NOT NULL,
    nombre              CHAR(50 BYTE) NOT NULL
);

ALTER TABLE departamento ADD CONSTRAINT departamento_pk PRIMARY KEY ( codigo_departamento );

CREATE TABLE equipo (
    codigo_equipo       VARCHAR2(10 BYTE) NOT NULL,
    nombre              VARCHAR2(30 BYTE) NOT NULL,
    año_fundacion       DATE NOT NULL,
    codigo_departamento VARCHAR2(10 BYTE) NOT NULL,
    codigo_estadio      VARCHAR2(10 BYTE) NOT NULL,
    codigo_presidente   VARCHAR2(10 BYTE) NOT NULL
);

CREATE UNIQUE INDEX equipo__idx ON
    equipo (
        codigo_estadio
    ASC );

CREATE UNIQUE INDEX equipo__idxv1 ON
    equipo (
        codigo_presidente
    ASC );

ALTER TABLE equipo ADD CONSTRAINT equipo_pk PRIMARY KEY ( codigo_equipo );

CREATE TABLE estadio (
    codigo_estadio VARCHAR2(10 BYTE) NOT NULL,
    nombre         VARCHAR2(30 BYTE) NOT NULL,
    aforo          NUMBER(6) NOT NULL
);

ALTER TABLE estadio ADD CONSTRAINT estadio_pk PRIMARY KEY ( codigo_estadio );

CREATE TABLE gol (
    codigo_gol     VARCHAR2(10) NOT NULL,
    minuto_gol     CHAR(20 BYTE) NOT NULL,
    descripcion    VARCHAR2(75 BYTE) NOT NULL,
    codigo_jugador VARCHAR2(10 BYTE) NOT NULL,
    codigo_partido NUMBER(4) NOT NULL
);

ALTER TABLE gol ADD CONSTRAINT gol_pk PRIMARY KEY ( codigo_gol );

CREATE TABLE jugador (
    codigo_jugador   VARCHAR2(10 BYTE) NOT NULL,
    primer_nombre    VARCHAR2(30 BYTE) NOT NULL,
    segundo_nombre   VARCHAR2(30 BYTE),
    tercer_nombre    VARCHAR2(30 BYTE),
    primer_apellido  VARCHAR2(30 BYTE) NOT NULL,
    segundo_apellido VARCHAR2(30 BYTE) NOT NULL,
    fecha_nacimiento DATE NOT NULL,
    posicion         VARCHAR2(30 BYTE) NOT NULL,
    codigo_equipo    VARCHAR2(10 BYTE) NOT NULL,
    codigo_municipio VARCHAR2(10 BYTE) NOT NULL
);

ALTER TABLE jugador ADD CONSTRAINT jugador_pk PRIMARY KEY ( codigo_jugador );

CREATE TABLE municipio (
    codigo_municipio    VARCHAR2(10 BYTE) NOT NULL,
    nombre              VARCHAR2(50 BYTE) NOT NULL,
    codigo_departamento VARCHAR2(10 BYTE) NOT NULL
);

ALTER TABLE municipio ADD CONSTRAINT municipio_pk PRIMARY KEY ( codigo_municipio );

CREATE TABLE partido (
    codigo_partido       NUMBER(4) NOT NULL,
    fecha_partido        DATE NOT NULL,
    goles_equipo_local   NUMBER(2) NOT NULL,
    goles_equipo_visita  NUMBER(2) NOT NULL,
    equipo_codigo_local  VARCHAR2(10 BYTE) NOT NULL,
    equipo_codigo_visita VARCHAR2(10 BYTE) NOT NULL
);

ALTER TABLE partido ADD CONSTRAINT partido_pk PRIMARY KEY ( codigo_partido );

CREATE TABLE presidente (
    codigo_presidente VARCHAR2(10 BYTE) NOT NULL,
    dpi               VARCHAR2(13 BYTE) NOT NULL,
    primer_nombre     VARCHAR2(30 BYTE) NOT NULL,
    segundo_nombre    VARCHAR2(30),
    tercer_nombre     VARCHAR2(30 BYTE),
    primer_apellido   VARCHAR2(30 BYTE) NOT NULL,
    segundo_apellido  VARCHAR2(30 BYTE) NOT NULL,
    fecha_nacimiento  DATE NOT NULL,
    año_eleccion      DATE NOT NULL,
    codigo_municipio  VARCHAR2(10 BYTE) NOT NULL
);

CREATE TABLE correo_electronico_presidente(
    codigo_correo VARCHAR2(10 BYTE) NOT NULL,
    correo VARCHAR2(50 BYTE) NOT NULL,
    codigo_presidente VARCHAR2(10 BYTE) NOT NULL
);

ALTER TABLE correo_electronico_presidente ADD CONSTRAINT correo_electronico_presidente_pk PRIMARY KEY (codigo_correo);

ALTER TABLE presidente ADD CONSTRAINT presidente_pk PRIMARY KEY ( codigo_presidente );

ALTER TABLE correo_electronico_presidente
    ADD CONSTRAINT c_electronico_presidente_fk FOREIGN KEY ( codigo_presidente )
        REFERENCES presidente ( codigo_presidente );

ALTER TABLE correo_electronico
    ADD CONSTRAINT correo_electronico_jugador_fk FOREIGN KEY ( codigo_jugador )
        REFERENCES jugador ( codigo_jugador );

ALTER TABLE equipo
    ADD CONSTRAINT equipo_departamento_fk FOREIGN KEY ( codigo_departamento )
        REFERENCES departamento ( codigo_departamento );

ALTER TABLE equipo
    ADD CONSTRAINT equipo_estadio_fk FOREIGN KEY ( codigo_estadio )
        REFERENCES estadio ( codigo_estadio );

ALTER TABLE equipo
    ADD CONSTRAINT equipo_presidente_fk FOREIGN KEY ( codigo_presidente )
        REFERENCES presidente ( codigo_presidente );

ALTER TABLE gol
    ADD CONSTRAINT gol_jugador_fk FOREIGN KEY ( codigo_jugador )
        REFERENCES jugador ( codigo_jugador );

ALTER TABLE gol
    ADD CONSTRAINT gol_partido_fk FOREIGN KEY ( codigo_partido )
        REFERENCES partido ( codigo_partido );

ALTER TABLE jugador
    ADD CONSTRAINT jugador_equipo_fk FOREIGN KEY ( codigo_equipo )
        REFERENCES equipo ( codigo_equipo );

ALTER TABLE jugador
    ADD CONSTRAINT jugador_municipio_fk FOREIGN KEY ( codigo_municipio )
        REFERENCES municipio ( codigo_municipio );

ALTER TABLE municipio
    ADD CONSTRAINT municipio_departamento_fk FOREIGN KEY ( codigo_departamento )
        REFERENCES departamento ( codigo_departamento );

ALTER TABLE partido
    ADD CONSTRAINT partido_equipo_fk FOREIGN KEY ( equipo_codigo_visita )
        REFERENCES equipo ( codigo_equipo );

ALTER TABLE partido
    ADD CONSTRAINT partido_equipo_fkv2 FOREIGN KEY ( equipo_codigo_local )
        REFERENCES equipo ( codigo_equipo );

ALTER TABLE presidente
    ADD CONSTRAINT presidente_municipio_fk FOREIGN KEY ( codigo_municipio )
        REFERENCES municipio ( codigo_municipio );


ALTER TABLE correo_electronico
DROP COLUMN codigo_presidente;





-- Oracle SQL Developer Data Modeler Summary Report: 
-- 
-- CREATE TABLE                             9
-- CREATE INDEX                             2
-- ALTER TABLE                             22
-- CREATE VIEW                              0
-- ALTER VIEW                               0
-- CREATE PACKAGE                           0
-- CREATE PACKAGE BODY                      0
-- CREATE PROCEDURE                         0
-- CREATE FUNCTION                          0
-- CREATE TRIGGER                           0
-- ALTER TRIGGER                            0
-- CREATE COLLECTION TYPE                   0
-- CREATE STRUCTURED TYPE                   0
-- CREATE STRUCTURED TYPE BODY              0
-- CREATE CLUSTER                           0
-- CREATE CONTEXT                           0
-- CREATE DATABASE                          0
-- CREATE DIMENSION                         0
-- CREATE DIRECTORY                         0
-- CREATE DISK GROUP                        0
-- CREATE ROLE                              0
-- CREATE ROLLBACK SEGMENT                  0
-- CREATE SEQUENCE                          0
-- CREATE MATERIALIZED VIEW                 0
-- CREATE MATERIALIZED VIEW LOG             0
-- CREATE SYNONYM                           0
-- CREATE TABLESPACE                        0
-- CREATE USER                              0
-- 
-- DROP TABLESPACE                          0
-- DROP DATABASE                            0
-- 
-- REDACTION POLICY                         0
-- 
-- ORDS DROP SCHEMA                         0
-- ORDS ENABLE SCHEMA                       0
-- ORDS ENABLE OBJECT                       0
-- 
-- ERRORS                                   0
-- WARNINGS                                 0

INSERT INTO departamento (codigo_departamento, nombre) VALUES ('1', 'Guatemala');
INSERT INTO departamento (codigo_departamento, nombre) VALUES ('2', 'El Progreso');
INSERT INTO departamento (codigo_departamento, nombre) VALUES ('3', 'Sacatepéquez');
INSERT INTO departamento (codigo_departamento, nombre) VALUES ('4', 'Chimaltenango');
INSERT INTO departamento (codigo_departamento, nombre) VALUES ('5', 'Escuintla');
INSERT INTO departamento (codigo_departamento, nombre) VALUES ('6', 'Santa Rosa');
INSERT INTO departamento (codigo_departamento, nombre) VALUES ('7', 'Sololá');
INSERT INTO departamento (codigo_departamento, nombre) VALUES ('8', 'Totonicapán');
INSERT INTO departamento (codigo_departamento, nombre) VALUES ('9', 'Quetzaltenango');
INSERT INTO departamento (codigo_departamento, nombre) VALUES ('10', 'Suchitepéquez');
INSERT INTO departamento (codigo_departamento, nombre) VALUES ('11', 'Retalhuleu');
INSERT INTO departamento (codigo_departamento, nombre) VALUES ('12', 'San Marcos');
INSERT INTO departamento (codigo_departamento, nombre) VALUES ('13', 'Huehuetenango');
INSERT INTO departamento (codigo_departamento, nombre) VALUES ('14', 'Quiché');
INSERT INTO departamento (codigo_departamento, nombre) VALUES ('15', 'Baja Verapaz');
INSERT INTO departamento (codigo_departamento, nombre) VALUES ('16', 'Alta Verapaz');
INSERT INTO departamento (codigo_departamento, nombre) VALUES ('17', 'Petén');
INSERT INTO departamento (codigo_departamento, nombre) VALUES ('18', 'Izabal');
INSERT INTO departamento (codigo_departamento, nombre) VALUES ('19', 'Zacapa');
INSERT INTO departamento (codigo_departamento, nombre) VALUES ('20', 'Chiquimula');
INSERT INTO departamento (codigo_departamento, nombre) VALUES ('21', 'Jalapa');
INSERT INTO departamento (codigo_departamento, nombre) VALUES ('22', 'Jutiapa');
COMMIT;

SELECT * FROM DEPARTAMENTO;


INSERT INTO municipio (codigo_municipio, nombre, codigo_departamento) VALUES ('0101', 'Guatemala',  '1');
INSERT INTO municipio (codigo_municipio, nombre, codigo_departamento) VALUES ('0102', 'Santa Catarina Pinula',  '1');
INSERT INTO municipio (codigo_municipio, nombre, codigo_departamento) VALUES ('0103', 'San José Pinula',  '1');
INSERT INTO municipio (codigo_municipio, nombre, codigo_departamento) VALUES ('0104', 'San José del Golfo',  '1');
INSERT INTO municipio (codigo_municipio, nombre, codigo_departamento) VALUES ('0105', 'Palencia',  '1');
INSERT INTO municipio (codigo_municipio, nombre, codigo_departamento) VALUES ('0106', 'Chinautla',  '1');
INSERT INTO municipio (codigo_municipio, nombre, codigo_departamento) VALUES ('0107', 'San Pedro Ayampuc',  '1');
INSERT INTO municipio (codigo_municipio, nombre, codigo_departamento) VALUES ('0108', 'Mixco',  '1');
INSERT INTO municipio (codigo_municipio, nombre, codigo_departamento) VALUES ('0109', 'San Pedro Sacatepéquez',  '1');
INSERT INTO municipio (codigo_municipio, nombre, codigo_departamento) VALUES ('0110', 'San Juan Sacatepéquez',  '1');
INSERT INTO municipio (codigo_municipio, nombre, codigo_departamento) VALUES ('0111', 'San Raymundo',  '1');
INSERT INTO municipio (codigo_municipio, nombre, codigo_departamento) VALUES ('0112', 'Chuarrancho',  '1');
INSERT INTO municipio (codigo_municipio, nombre, codigo_departamento) VALUES ('0113', 'Fraijanes',  '1');
INSERT INTO municipio (codigo_municipio, nombre, codigo_departamento) VALUES ('0114', 'Amatitlán',  '1');
INSERT INTO municipio (codigo_municipio, nombre, codigo_departamento) VALUES ('0115', 'Villa Nueva',  '1');
INSERT INTO municipio (codigo_municipio, nombre, codigo_departamento) VALUES ('0116', 'Villa Canales',  '1');
INSERT INTO municipio (codigo_municipio, nombre, codigo_departamento) VALUES ('0117', 'Petapa',  '1');
INSERT INTO municipio (codigo_municipio, nombre, codigo_departamento) VALUES ('0201', 'Guastatoya',  '2');
INSERT INTO municipio (codigo_municipio, nombre, codigo_departamento) VALUES ('0202', 'Morazán',  '2');
INSERT INTO municipio (codigo_municipio, nombre, codigo_departamento) VALUES ('0203', 'San Agustín Acasaguastlán',  '2');
INSERT INTO municipio (codigo_municipio, nombre, codigo_departamento) VALUES ('0204', 'San Cristóbal Acasaguastlán',  '2');
INSERT INTO municipio (codigo_municipio, nombre, codigo_departamento) VALUES ('0205', 'El Jícaro',  '2');
INSERT INTO municipio (codigo_municipio, nombre, codigo_departamento) VALUES ('0206', 'Sansare',  '2');
INSERT INTO municipio (codigo_municipio, nombre, codigo_departamento) VALUES ('0207', 'Sanarate',  '2');
INSERT INTO municipio (codigo_municipio, nombre, codigo_departamento) VALUES ('0208', 'San Antonio la Paz',  '2');
INSERT INTO municipio (codigo_municipio, nombre, codigo_departamento) VALUES ('0301', 'Antigua Guatemala',  '3');
INSERT INTO municipio (codigo_municipio, nombre, codigo_departamento) VALUES ('0302', 'Jocotenango',  '3');
INSERT INTO municipio (codigo_municipio, nombre, codigo_departamento) VALUES ('0303', 'Pastores',  '3');
INSERT INTO municipio (codigo_municipio, nombre, codigo_departamento) VALUES ('0304', 'Sumpango',  '3');
INSERT INTO municipio (codigo_municipio, nombre, codigo_departamento) VALUES ('0305', 'Santo Domingo Xenacoj',  '3');
INSERT INTO municipio (codigo_municipio, nombre, codigo_departamento) VALUES ('0306', 'Santiago Sacatepéquez',  '3');
INSERT INTO municipio (codigo_municipio, nombre, codigo_departamento) VALUES ('0307', 'San Bartolomé Milpas Altas',  '3');
INSERT INTO municipio (codigo_municipio, nombre, codigo_departamento) VALUES ('0308', 'San Lucas Sacatepéquez',  '3');
INSERT INTO municipio (codigo_municipio, nombre, codigo_departamento) VALUES ('0309', 'Santa Lucía Milpas Altas',  '3');
INSERT INTO municipio (codigo_municipio, nombre, codigo_departamento) VALUES ('0310', 'Magdalena Milpas Altas',  '3');
INSERT INTO municipio (codigo_municipio, nombre, codigo_departamento) VALUES ('0311', 'Santa María de Jesús',  '3');
INSERT INTO municipio (codigo_municipio, nombre, codigo_departamento) VALUES ('0312', 'Ciudad Vieja',  '3');
INSERT INTO municipio (codigo_municipio, nombre, codigo_departamento) VALUES ('0313', 'San Miguel Dueñas',  '3');
INSERT INTO municipio (codigo_municipio, nombre, codigo_departamento) VALUES ('0314', 'Alotenango',  '3');
INSERT INTO municipio (codigo_municipio, nombre, codigo_departamento) VALUES ('0315', 'San Antonio Aguas Calientes',  '3');
INSERT INTO municipio (codigo_municipio, nombre, codigo_departamento) VALUES ('0316', 'Santa Catarina Barahona',  '3');
INSERT INTO municipio (codigo_municipio, nombre, codigo_departamento) VALUES ('0401', 'Chimaltenango',  '4');
INSERT INTO municipio (codigo_municipio, nombre, codigo_departamento) VALUES ('0402', 'San José Poaquil',  '4');
INSERT INTO municipio (codigo_municipio, nombre, codigo_departamento) VALUES ('0403', 'San Martín Jilotepeque',  '4');
INSERT INTO municipio (codigo_municipio, nombre, codigo_departamento) VALUES ('0404', 'Comalapa',  '4');
INSERT INTO municipio (codigo_municipio, nombre, codigo_departamento) VALUES ('0405', 'Santa Apolonia',  '4');
INSERT INTO municipio (codigo_municipio, nombre, codigo_departamento) VALUES ('0406', 'Tecpán Guatemala',  '4');
INSERT INTO municipio (codigo_municipio, nombre, codigo_departamento) VALUES ('0407', 'Patzún',  '4');
INSERT INTO municipio (codigo_municipio, nombre, codigo_departamento) VALUES ('0408', 'Pochuta',  '4');
INSERT INTO municipio (codigo_municipio, nombre, codigo_departamento) VALUES ('0409', 'Patzicía',  '4');
INSERT INTO municipio (codigo_municipio, nombre, codigo_departamento) VALUES ('0410', 'Santa Cruz Balanyá',  '4');
INSERT INTO municipio (codigo_municipio, nombre, codigo_departamento) VALUES ('0411', 'Acatenango',  '4');
INSERT INTO municipio (codigo_municipio, nombre, codigo_departamento) VALUES ('0412', 'Yepocapa',  '4');
INSERT INTO municipio (codigo_municipio, nombre, codigo_departamento) VALUES ('0413', 'San Andrés Itzapa',  '4');
INSERT INTO municipio (codigo_municipio, nombre, codigo_departamento) VALUES ('0414', 'Parramos',  '4');
INSERT INTO municipio (codigo_municipio, nombre, codigo_departamento) VALUES ('0415', 'Zaragoza',  '4');
INSERT INTO municipio (codigo_municipio, nombre, codigo_departamento) VALUES ('0416', 'El Tejar',  '4');
INSERT INTO municipio (codigo_municipio, nombre, codigo_departamento) VALUES ('0501', 'Escuintla',  '5');
INSERT INTO municipio (codigo_municipio, nombre, codigo_departamento) VALUES ('0502', 'Santa Lucía Cotzumalguapa',  '5');
INSERT INTO municipio (codigo_municipio, nombre, codigo_departamento) VALUES ('0503', 'La Democracia',  '5');
INSERT INTO municipio (codigo_municipio, nombre, codigo_departamento) VALUES ('0504', 'Siquinalá',  '5');
INSERT INTO municipio (codigo_municipio, nombre, codigo_departamento) VALUES ('0505', 'Masagua',  '5');
INSERT INTO municipio (codigo_municipio, nombre, codigo_departamento) VALUES ('0506', 'Tiquisate',  '5');
INSERT INTO municipio (codigo_municipio, nombre, codigo_departamento) VALUES ('0507', 'La Gomera',  '5');
INSERT INTO municipio (codigo_municipio, nombre, codigo_departamento) VALUES ('0508', 'Guanagazapa',  '5');
INSERT INTO municipio (codigo_municipio, nombre, codigo_departamento) VALUES ('0509', 'San José',  '5');
INSERT INTO municipio (codigo_municipio, nombre, codigo_departamento) VALUES ('0510', 'Iztapa',  '5');
INSERT INTO municipio (codigo_municipio, nombre, codigo_departamento) VALUES ('0511', 'Palín',  '5');
INSERT INTO municipio (codigo_municipio, nombre, codigo_departamento) VALUES ('0512', 'San Vicente Pacaya',  '5');
INSERT INTO municipio (codigo_municipio, nombre, codigo_departamento) VALUES ('0513', 'Nueva Concepción',  '5');
INSERT INTO municipio (codigo_municipio, nombre, codigo_departamento) VALUES ('0601', 'Cuilapa',  '6');
INSERT INTO municipio (codigo_municipio, nombre, codigo_departamento) VALUES ('0602', 'Barberena',  '6');
INSERT INTO municipio (codigo_municipio, nombre, codigo_departamento) VALUES ('0603', 'Santa Rosa de Lima',  '6');
INSERT INTO municipio (codigo_municipio, nombre, codigo_departamento) VALUES ('0604', 'Casillas',  '6');
COMMIT;
INSERT INTO municipio (codigo_municipio, nombre, codigo_departamento) VALUES ('0605', 'San Rafael las Flores',  '6');
INSERT INTO municipio (codigo_municipio, nombre, codigo_departamento) VALUES ('0606', 'Oratorio',  '6');
INSERT INTO municipio (codigo_municipio, nombre, codigo_departamento) VALUES ('0607', 'San Juan Tecuaco',  '6');
INSERT INTO municipio (codigo_municipio, nombre, codigo_departamento) VALUES ('0608', 'Chiquimulilla',  '6');
INSERT INTO municipio (codigo_municipio, nombre, codigo_departamento) VALUES ('0609', 'Taxisco',  '6');
INSERT INTO municipio (codigo_municipio, nombre, codigo_departamento) VALUES ('0610', 'Santa María Ixhuatán',  '6');
INSERT INTO municipio (codigo_municipio, nombre, codigo_departamento) VALUES ('0611', 'Guazacapán',  '6');
INSERT INTO municipio (codigo_municipio, nombre, codigo_departamento) VALUES ('0612', 'Santa Cruz Naranjo',  '6');
INSERT INTO municipio (codigo_municipio, nombre, codigo_departamento) VALUES ('0613', 'Pueblo Nuevo Viñas',  '6');
INSERT INTO municipio (codigo_municipio, nombre, codigo_departamento) VALUES ('0614', 'Nueva Santa Rosa',  '6');
INSERT INTO municipio (codigo_municipio, nombre, codigo_departamento) VALUES ('0701', 'Sololá',  '7');
INSERT INTO municipio (codigo_municipio, nombre, codigo_departamento) VALUES ('0702', 'San José Chacayá',  '7');
INSERT INTO municipio (codigo_municipio, nombre, codigo_departamento) VALUES ('0703', 'Santa María Visitación',  '7');
INSERT INTO municipio (codigo_municipio, nombre, codigo_departamento) VALUES ('0704', 'Santa Lucía Utatlán',  '7');
INSERT INTO municipio (codigo_municipio, nombre, codigo_departamento) VALUES ('0705', 'Nahualá',  '7');
INSERT INTO municipio (codigo_municipio, nombre, codigo_departamento) VALUES ('0706', 'Santa Catarina Ixtahuacán',  '7');
INSERT INTO municipio (codigo_municipio, nombre, codigo_departamento) VALUES ('0707', 'Santa Clara la Laguna',  '7');
INSERT INTO municipio (codigo_municipio, nombre, codigo_departamento) VALUES ('0708', 'Concepción',  '7');
INSERT INTO municipio (codigo_municipio, nombre, codigo_departamento) VALUES ('0709', 'San Andrés Semetabaj',  '7');
INSERT INTO municipio (codigo_municipio, nombre, codigo_departamento) VALUES ('0710', 'Panajachel',  '7');
INSERT INTO municipio (codigo_municipio, nombre, codigo_departamento) VALUES ('0711', 'Santa Catarina Palopó',  '7');
INSERT INTO municipio (codigo_municipio, nombre, codigo_departamento) VALUES ('0712', 'San Antonio Palopó',  '7');
INSERT INTO municipio (codigo_municipio, nombre, codigo_departamento) VALUES ('0713', 'San Lucas Tolimán',  '7');
INSERT INTO municipio (codigo_municipio, nombre, codigo_departamento) VALUES ('0714', 'Santa Cruz la Laguna',  '7');
INSERT INTO municipio (codigo_municipio, nombre, codigo_departamento) VALUES ('0715', 'San Pablo la Laguna',  '7');
INSERT INTO municipio (codigo_municipio, nombre, codigo_departamento) VALUES ('0716', 'San Marcos la Laguna',  '7');
INSERT INTO municipio (codigo_municipio, nombre, codigo_departamento) VALUES ('0717', 'San Juan la Laguna',  '7');
INSERT INTO municipio (codigo_municipio, nombre, codigo_departamento) VALUES ('0718', 'San Pedro la Laguna',  '7');
INSERT INTO municipio (codigo_municipio, nombre, codigo_departamento) VALUES ('0719', 'Santiago Atitlán',  '7');
INSERT INTO municipio (codigo_municipio, nombre, codigo_departamento) VALUES ('0801', 'Totonicapán',  '8');
INSERT INTO municipio (codigo_municipio, nombre, codigo_departamento) VALUES ('0802', 'San Cristóbal Totonicapán',  '8');
INSERT INTO municipio (codigo_municipio, nombre, codigo_departamento) VALUES ('0803', 'San Francisco el Alto',  '8');
INSERT INTO municipio (codigo_municipio, nombre, codigo_departamento) VALUES ('0804', 'San Andrés Xecul',  '8');
INSERT INTO municipio (codigo_municipio, nombre, codigo_departamento) VALUES ('0805', 'Momostenango',  '8');
INSERT INTO municipio (codigo_municipio, nombre, codigo_departamento) VALUES ('0806', 'Santa María Chiquimula',  '8');
INSERT INTO municipio (codigo_municipio, nombre, codigo_departamento) VALUES ('0807', 'Santa Lucía la Reforma',  '8');
INSERT INTO municipio (codigo_municipio, nombre, codigo_departamento) VALUES ('0808', 'San Bartolo',  '8');
INSERT INTO municipio (codigo_municipio, nombre, codigo_departamento) VALUES ('0901', 'Quetzaltenango',  '9');
INSERT INTO municipio (codigo_municipio, nombre, codigo_departamento) VALUES ('0902', 'Salcajá',  '9');
INSERT INTO municipio (codigo_municipio, nombre, codigo_departamento) VALUES ('0903', 'Olintepeque',  '9');
INSERT INTO municipio (codigo_municipio, nombre, codigo_departamento) VALUES ('0904', 'San Carlos Sija',  '9');
INSERT INTO municipio (codigo_municipio, nombre, codigo_departamento) VALUES ('0905', 'Sibilia',  '9');
INSERT INTO municipio (codigo_municipio, nombre, codigo_departamento) VALUES ('0906', 'Cabricán',  '9');
INSERT INTO municipio (codigo_municipio, nombre, codigo_departamento) VALUES ('0907', 'Cajolá',  '9');
INSERT INTO municipio (codigo_municipio, nombre, codigo_departamento) VALUES ('0908', 'San Miguel Siguilá',  '9');
INSERT INTO municipio (codigo_municipio, nombre, codigo_departamento) VALUES ('0909', 'Ostuncalco',  '9');
INSERT INTO municipio (codigo_municipio, nombre, codigo_departamento) VALUES ('0910', 'San Mateo',  '9');
INSERT INTO municipio (codigo_municipio, nombre, codigo_departamento) VALUES ('0911', 'Concepción Chiquirichapa',  '9');
INSERT INTO municipio (codigo_municipio, nombre, codigo_departamento) VALUES ('0912', 'San Martín Sacatepéquez',  '9');
INSERT INTO municipio (codigo_municipio, nombre, codigo_departamento) VALUES ('0913', 'Almolonga',  '9');
INSERT INTO municipio (codigo_municipio, nombre, codigo_departamento) VALUES ('0914', 'Cantel',  '9');
INSERT INTO municipio (codigo_municipio, nombre, codigo_departamento) VALUES ('0915', 'Huitán',  '9');
INSERT INTO municipio (codigo_municipio, nombre, codigo_departamento) VALUES ('0916', 'Zunil',  '9');
INSERT INTO municipio (codigo_municipio, nombre, codigo_departamento) VALUES ('0917', 'Colomba',  '9');
INSERT INTO municipio (codigo_municipio, nombre, codigo_departamento) VALUES ('0918', 'San Francisco la Unión',  '9');
INSERT INTO municipio (codigo_municipio, nombre, codigo_departamento) VALUES ('0919', 'El Palmar',  '9');
INSERT INTO municipio (codigo_municipio, nombre, codigo_departamento) VALUES ('0920', 'Coatepeque',  '9');
INSERT INTO municipio (codigo_municipio, nombre, codigo_departamento) VALUES ('0921', 'Génova',  '9');
INSERT INTO municipio (codigo_municipio, nombre, codigo_departamento) VALUES ('0922', 'Flores Costa Cuca',  '9');
INSERT INTO municipio (codigo_municipio, nombre, codigo_departamento) VALUES ('0923', 'La Esperanza',  '9');
INSERT INTO municipio (codigo_municipio, nombre, codigo_departamento) VALUES ('0924', 'Palestina de los Altos',  '9');
COMMIT;
INSERT INTO municipio (codigo_municipio, nombre, codigo_departamento) VALUES ('1001', 'Mazatenango',  '10');
INSERT INTO municipio (codigo_municipio, nombre, codigo_departamento) VALUES ('1002', 'Cuyotenango',  '10');
INSERT INTO municipio (codigo_municipio, nombre, codigo_departamento) VALUES ('1003', 'San Francisco Zapotitlán',  '10');
INSERT INTO municipio (codigo_municipio, nombre, codigo_departamento) VALUES ('1004', 'San Bernardino',  '10');
INSERT INTO municipio (codigo_municipio, nombre, codigo_departamento) VALUES ('1005', 'San José el Idolo',  '10');
INSERT INTO municipio (codigo_municipio, nombre, codigo_departamento) VALUES ('1006', 'Santo Domingo Suchitepéquez',  '10');
INSERT INTO municipio (codigo_municipio, nombre, codigo_departamento) VALUES ('1007', 'San Lorenzo',  '10');
INSERT INTO municipio (codigo_municipio, nombre, codigo_departamento) VALUES ('1008', 'Samayac',  '10');
INSERT INTO municipio (codigo_municipio, nombre, codigo_departamento) VALUES ('1009', 'San Pablo Jocopilas',  '10');
INSERT INTO municipio (codigo_municipio, nombre, codigo_departamento) VALUES ('1010', 'San Antonio Suchitepéquez',  '10');
INSERT INTO municipio (codigo_municipio, nombre, codigo_departamento) VALUES ('1011', 'San Miguel Panán',  '10');
INSERT INTO municipio (codigo_municipio, nombre, codigo_departamento) VALUES ('1012', 'San Gabriel',  '10');
INSERT INTO municipio (codigo_municipio, nombre, codigo_departamento) VALUES ('1013', 'Chicacao',  '10');
INSERT INTO municipio (codigo_municipio, nombre, codigo_departamento) VALUES ('1014', 'Patulul',  '10');
INSERT INTO municipio (codigo_municipio, nombre, codigo_departamento) VALUES ('1015', 'Santa Bárbara',  '10');
INSERT INTO municipio (codigo_municipio, nombre, codigo_departamento) VALUES ('1016', 'San Juan Bautista',  '10');
INSERT INTO municipio (codigo_municipio, nombre, codigo_departamento) VALUES ('1017', 'Santo Tomás la Unión',  '10');
INSERT INTO municipio (codigo_municipio, nombre, codigo_departamento) VALUES ('1018', 'Zunilito',  '10');
INSERT INTO municipio (codigo_municipio, nombre, codigo_departamento) VALUES ('1019', 'Pueblo Nuevo',  '10');
INSERT INTO municipio (codigo_municipio, nombre, codigo_departamento) VALUES ('1020', 'Río Bravo',  '10');
INSERT INTO municipio (codigo_municipio, nombre, codigo_departamento) VALUES ('1021', 'San José La Máquina',  '10');
INSERT INTO municipio (codigo_municipio, nombre, codigo_departamento) VALUES ('1101', 'Retalhuleu',  '11');
INSERT INTO municipio (codigo_municipio, nombre, codigo_departamento) VALUES ('1102', 'San Sebastián',  '11');
INSERT INTO municipio (codigo_municipio, nombre, codigo_departamento) VALUES ('1103', 'Santa Cruz Muluá',  '11');
INSERT INTO municipio (codigo_municipio, nombre, codigo_departamento) VALUES ('1104', 'San Martín Zapotitlán',  '11');
INSERT INTO municipio (codigo_municipio, nombre, codigo_departamento) VALUES ('1105', 'San Felipe',  '11');
INSERT INTO municipio (codigo_municipio, nombre, codigo_departamento) VALUES ('1106', 'San Andrés Villa Seca',  '11');
INSERT INTO municipio (codigo_municipio, nombre, codigo_departamento) VALUES ('1107', 'Champerico',  '11');
INSERT INTO municipio (codigo_municipio, nombre, codigo_departamento) VALUES ('1108', 'Nuevo San Carlos',  '11');
INSERT INTO municipio (codigo_municipio, nombre, codigo_departamento) VALUES ('1109', 'El Asintal',  '11');
INSERT INTO municipio (codigo_municipio, nombre, codigo_departamento) VALUES ('1201', 'San Marcos',  '12');
INSERT INTO municipio (codigo_municipio, nombre, codigo_departamento) VALUES ('1202', 'San Pedro Sacatepéquez',  '12');
INSERT INTO municipio (codigo_municipio, nombre, codigo_departamento) VALUES ('1203', 'San Antonio Sacatepéquez',  '12');
INSERT INTO municipio (codigo_municipio, nombre, codigo_departamento) VALUES ('1204', 'Comitancillo',  '12');
INSERT INTO municipio (codigo_municipio, nombre, codigo_departamento) VALUES ('1205', 'San Miguel Ixtahuacán',  '12');
INSERT INTO municipio (codigo_municipio, nombre, codigo_departamento) VALUES ('1206', 'Concepción Tutuapa',  '12');
INSERT INTO municipio (codigo_municipio, nombre, codigo_departamento) VALUES ('1207', 'Tacaná',  '12');
INSERT INTO municipio (codigo_municipio, nombre, codigo_departamento) VALUES ('1208', 'Sibinal',  '12');
INSERT INTO municipio (codigo_municipio, nombre, codigo_departamento) VALUES ('1209', 'Tajumulco',  '12');
INSERT INTO municipio (codigo_municipio, nombre, codigo_departamento) VALUES ('1210', 'Tejutla',  '12');
INSERT INTO municipio (codigo_municipio, nombre, codigo_departamento) VALUES ('1211', 'San Rafael Pié de la Cuesta',  '12');
INSERT INTO municipio (codigo_municipio, nombre, codigo_departamento) VALUES ('1212', 'Nuevo Progreso',  '12');
INSERT INTO municipio (codigo_municipio, nombre, codigo_departamento) VALUES ('1213', 'El Tumbador',  '12');
INSERT INTO municipio (codigo_municipio, nombre, codigo_departamento) VALUES ('1214', 'El Rodeo',  '12');
INSERT INTO municipio (codigo_municipio, nombre, codigo_departamento) VALUES ('1215', 'Malacatán',  '12');
INSERT INTO municipio (codigo_municipio, nombre, codigo_departamento) VALUES ('1216', 'Catarina',  '12');
INSERT INTO municipio (codigo_municipio, nombre, codigo_departamento) VALUES ('1217', 'Ayutla',  '12');
INSERT INTO municipio (codigo_municipio, nombre, codigo_departamento) VALUES ('1218', 'Ocós',  '12');
INSERT INTO municipio (codigo_municipio, nombre, codigo_departamento) VALUES ('1219', 'San Pablo',  '12');
INSERT INTO municipio (codigo_municipio, nombre, codigo_departamento) VALUES ('1220', 'El Quetzal',  '12');
INSERT INTO municipio (codigo_municipio, nombre, codigo_departamento) VALUES ('1221', 'La Reforma',  '12');
INSERT INTO municipio (codigo_municipio, nombre, codigo_departamento) VALUES ('1222', 'Pajapita',  '12');
INSERT INTO municipio (codigo_municipio, nombre, codigo_departamento) VALUES ('1223', 'Ixchiguán',  '12');
INSERT INTO municipio (codigo_municipio, nombre, codigo_departamento) VALUES ('1224', 'San José Ojetenán',  '12');
INSERT INTO municipio (codigo_municipio, nombre, codigo_departamento) VALUES ('1225', 'San Cristóbal Cucho',  '12');
INSERT INTO municipio (codigo_municipio, nombre, codigo_departamento) VALUES ('1226', 'Sipacapa',  '12');
INSERT INTO municipio (codigo_municipio, nombre, codigo_departamento) VALUES ('1227', 'Esquipulas Palo Gordo',  '12');
INSERT INTO municipio (codigo_municipio, nombre, codigo_departamento) VALUES ('1228', 'Río Blanco',  '12');
INSERT INTO municipio (codigo_municipio, nombre, codigo_departamento) VALUES ('1229', 'San Lorenzo',  '12');
INSERT INTO municipio (codigo_municipio, nombre, codigo_departamento) VALUES ('1230', 'La Blanca',  '12');
INSERT INTO municipio (codigo_municipio, nombre, codigo_departamento) VALUES ('1301', 'Huehuetenango',  '13');
INSERT INTO municipio (codigo_municipio, nombre, codigo_departamento) VALUES ('1302', 'Chiantla',  '13');
INSERT INTO municipio (codigo_municipio, nombre, codigo_departamento) VALUES ('1303', 'Malacatancito',  '13');
INSERT INTO municipio (codigo_municipio, nombre, codigo_departamento) VALUES ('1304', 'Cuilco',  '13');
INSERT INTO municipio (codigo_municipio, nombre, codigo_departamento) VALUES ('1305', 'Nentón',  '13');
INSERT INTO municipio (codigo_municipio, nombre, codigo_departamento) VALUES ('1306', 'San Pedro Necta',  '13');
INSERT INTO municipio (codigo_municipio, nombre, codigo_departamento) VALUES ('1307', 'Jacaltenango',  '13');
INSERT INTO municipio (codigo_municipio, nombre, codigo_departamento) VALUES ('1308', 'Soloma',  '13');
INSERT INTO municipio (codigo_municipio, nombre, codigo_departamento) VALUES ('1309', 'Ixtahuacán',  '13');
INSERT INTO municipio (codigo_municipio, nombre, codigo_departamento) VALUES ('1310', 'Santa Bárbara',  '13');
INSERT INTO municipio (codigo_municipio, nombre, codigo_departamento) VALUES ('1311', 'La Libertad',  '13');
INSERT INTO municipio (codigo_municipio, nombre, codigo_departamento) VALUES ('1312', 'La Democracia',  '13');
INSERT INTO municipio (codigo_municipio, nombre, codigo_departamento) VALUES ('1313', 'San Miguel Acatán',  '13');
INSERT INTO municipio (codigo_municipio, nombre, codigo_departamento) VALUES ('1314', 'San Rafael la Independencia',  '13');
INSERT INTO municipio (codigo_municipio, nombre, codigo_departamento) VALUES ('1315', 'Todos Santos Cuchumatán',  '13');
INSERT INTO municipio (codigo_municipio, nombre, codigo_departamento) VALUES ('1316', 'San Juan Atitán',  '13');
INSERT INTO municipio (codigo_municipio, nombre, codigo_departamento) VALUES ('1317', 'Santa Eulalia',  '13');
INSERT INTO municipio (codigo_municipio, nombre, codigo_departamento) VALUES ('1318', 'San Mateo Ixtatán',  '13');
INSERT INTO municipio (codigo_municipio, nombre, codigo_departamento) VALUES ('1319', 'Colotenango',  '13');
INSERT INTO municipio (codigo_municipio, nombre, codigo_departamento) VALUES ('1320', 'San Sebastián Huehuetenango',  '13');
INSERT INTO municipio (codigo_municipio, nombre, codigo_departamento) VALUES ('1321', 'Tectitán',  '13');
INSERT INTO municipio (codigo_municipio, nombre, codigo_departamento) VALUES ('1322', 'Concepción Huista',  '13');
INSERT INTO municipio (codigo_municipio, nombre, codigo_departamento) VALUES ('1323', 'San Juan Ixcoy',  '13');
INSERT INTO municipio (codigo_municipio, nombre, codigo_departamento) VALUES ('1324', 'San Antonio Huista',  '13');
INSERT INTO municipio (codigo_municipio, nombre, codigo_departamento) VALUES ('1325', 'San Sebastián Coatán',  '13');
INSERT INTO municipio (codigo_municipio, nombre, codigo_departamento) VALUES ('1326', 'Barillas',  '13');
INSERT INTO municipio (codigo_municipio, nombre, codigo_departamento) VALUES ('1327', 'Aguacatán',  '13');
INSERT INTO municipio (codigo_municipio, nombre, codigo_departamento) VALUES ('1328', 'San Rafael Petzal',  '13');
INSERT INTO municipio (codigo_municipio, nombre, codigo_departamento) VALUES ('1329', 'San Gaspar Ixchil',  '13');
INSERT INTO municipio (codigo_municipio, nombre, codigo_departamento) VALUES ('1330', 'Santiago Chimaltenango',  '13');
INSERT INTO municipio (codigo_municipio, nombre, codigo_departamento) VALUES ('1331', 'Santa Ana Huista',  '13');
INSERT INTO municipio (codigo_municipio, nombre, codigo_departamento) VALUES ('1332', 'Unión Cantinil',  '13');
INSERT INTO municipio (codigo_municipio, nombre, codigo_departamento) VALUES ('1401', 'Santa Cruz del Quiché',  '14');
INSERT INTO municipio (codigo_municipio, nombre, codigo_departamento) VALUES ('1402', 'Chiché',  '14');
INSERT INTO municipio (codigo_municipio, nombre, codigo_departamento) VALUES ('1403', 'Chinique',  '14');
INSERT INTO municipio (codigo_municipio, nombre, codigo_departamento) VALUES ('1404', 'Zacualpa',  '14');
INSERT INTO municipio (codigo_municipio, nombre, codigo_departamento) VALUES ('1405', 'Chajul',  '14');
INSERT INTO municipio (codigo_municipio, nombre, codigo_departamento) VALUES ('1406', 'Chichicastenango',  '14');
INSERT INTO municipio (codigo_municipio, nombre, codigo_departamento) VALUES ('1407', 'Patzité',  '14');
INSERT INTO municipio (codigo_municipio, nombre, codigo_departamento) VALUES ('1408', 'San Antonio Ilotenango',  '14');
INSERT INTO municipio (codigo_municipio, nombre, codigo_departamento) VALUES ('1409', 'San Pedro Jocopilas',  '14');
INSERT INTO municipio (codigo_municipio, nombre, codigo_departamento) VALUES ('1410', 'Cunén',  '14');
INSERT INTO municipio (codigo_municipio, nombre, codigo_departamento) VALUES ('1411', 'San Juan Cotzal',  '14');
INSERT INTO municipio (codigo_municipio, nombre, codigo_departamento) VALUES ('1412', 'Joyabaj',  '14');
INSERT INTO municipio (codigo_municipio, nombre, codigo_departamento) VALUES ('1413', 'Nebaj',  '14');
INSERT INTO municipio (codigo_municipio, nombre, codigo_departamento) VALUES ('1414', 'San Andrés Sajcabajá',  '14');
INSERT INTO municipio (codigo_municipio, nombre, codigo_departamento) VALUES ('1415', 'Uspantán',  '14');
INSERT INTO municipio (codigo_municipio, nombre, codigo_departamento) VALUES ('1416', 'Sacapulas',  '14');
INSERT INTO municipio (codigo_municipio, nombre, codigo_departamento) VALUES ('1417', 'San Bartolomé Jocotenango',  '14');
INSERT INTO municipio (codigo_municipio, nombre, codigo_departamento) VALUES ('1418', 'Canillá',  '14');
INSERT INTO municipio (codigo_municipio, nombre, codigo_departamento) VALUES ('1419', 'Chicamán',  '14');
INSERT INTO municipio (codigo_municipio, nombre, codigo_departamento) VALUES ('1420', 'Ixcán',  '14');
INSERT INTO municipio (codigo_municipio, nombre, codigo_departamento) VALUES ('1421', 'Pachalum',  '14');
INSERT INTO municipio (codigo_municipio, nombre, codigo_departamento) VALUES ('1501', 'Salamá',  '15');
INSERT INTO municipio (codigo_municipio, nombre, codigo_departamento) VALUES ('1502', 'San Miguel Chicaj',  '15');
INSERT INTO municipio (codigo_municipio, nombre, codigo_departamento) VALUES ('1503', 'Rabinal',  '15');
INSERT INTO municipio (codigo_municipio, nombre, codigo_departamento) VALUES ('1504', 'Cubulco',  '15');
INSERT INTO municipio (codigo_municipio, nombre, codigo_departamento) VALUES ('1505', 'Granados',  '15');
INSERT INTO municipio (codigo_municipio, nombre, codigo_departamento) VALUES ('1506', 'El Chol',  '15');
INSERT INTO municipio (codigo_municipio, nombre, codigo_departamento) VALUES ('1507', 'San Jerónimo',  '15');
INSERT INTO municipio (codigo_municipio, nombre, codigo_departamento) VALUES ('1508', 'Purulhá',  '15');
INSERT INTO municipio (codigo_municipio, nombre, codigo_departamento) VALUES ('1601', 'Cobán',  '16');
INSERT INTO municipio (codigo_municipio, nombre, codigo_departamento) VALUES ('1602', 'Santa Cruz Verapaz',  '16');
INSERT INTO municipio (codigo_municipio, nombre, codigo_departamento) VALUES ('1603', 'San Cristóbal Verapaz',  '16');
INSERT INTO municipio (codigo_municipio, nombre, codigo_departamento) VALUES ('1604', 'Tactic',  '16');
INSERT INTO municipio (codigo_municipio, nombre, codigo_departamento) VALUES ('1605', 'Tamahú',  '16');
INSERT INTO municipio (codigo_municipio, nombre, codigo_departamento) VALUES ('1606', 'Tucurú',  '16');
INSERT INTO municipio (codigo_municipio, nombre, codigo_departamento) VALUES ('1607', 'Panzós',  '16');
INSERT INTO municipio (codigo_municipio, nombre, codigo_departamento) VALUES ('1608', 'Senahú',  '16');
INSERT INTO municipio (codigo_municipio, nombre, codigo_departamento) VALUES ('1609', 'San Pedro Carchá',  '16');
INSERT INTO municipio (codigo_municipio, nombre, codigo_departamento) VALUES ('1610', 'San Juan Chamelco',  '16');
INSERT INTO municipio (codigo_municipio, nombre, codigo_departamento) VALUES ('1611', 'Lanquín',  '16');
INSERT INTO municipio (codigo_municipio, nombre, codigo_departamento) VALUES ('1612', 'Cahabón',  '16');
INSERT INTO municipio (codigo_municipio, nombre, codigo_departamento) VALUES ('1613', 'Chisec',  '16');
INSERT INTO municipio (codigo_municipio, nombre, codigo_departamento) VALUES ('1614', 'Chahal',  '16');
INSERT INTO municipio (codigo_municipio, nombre, codigo_departamento) VALUES ('1615', 'Fray Bartolomé de las Casas',  '16');
INSERT INTO municipio (codigo_municipio, nombre, codigo_departamento) VALUES ('1616', 'Santa Catalina la Tinta',  '16');
INSERT INTO municipio (codigo_municipio, nombre, codigo_departamento) VALUES ('1617', 'Raxruhá',  '16');
INSERT INTO municipio (codigo_municipio, nombre, codigo_departamento) VALUES ('1701', 'Flores',  '17');
INSERT INTO municipio (codigo_municipio, nombre, codigo_departamento) VALUES ('1702', 'San José',  '17');
INSERT INTO municipio (codigo_municipio, nombre, codigo_departamento) VALUES ('1703', 'San Benito',  '17');
INSERT INTO municipio (codigo_municipio, nombre, codigo_departamento) VALUES ('1704', 'San Andrés',  '17');
INSERT INTO municipio (codigo_municipio, nombre, codigo_departamento) VALUES ('1705', 'La Libertad',  '17');
INSERT INTO municipio (codigo_municipio, nombre, codigo_departamento) VALUES ('1706', 'San Francisco',  '17');
INSERT INTO municipio (codigo_municipio, nombre, codigo_departamento) VALUES ('1707', 'Santa Ana',  '17');
INSERT INTO municipio (codigo_municipio, nombre, codigo_departamento) VALUES ('1708', 'Dolores',  '17');
INSERT INTO municipio (codigo_municipio, nombre, codigo_departamento) VALUES ('1709', 'San Luis',  '17');
INSERT INTO municipio (codigo_municipio, nombre, codigo_departamento) VALUES ('1710', 'Sayaxché',  '17');
INSERT INTO municipio (codigo_municipio, nombre, codigo_departamento) VALUES ('1711', 'Melchor de Mencos',  '17');
INSERT INTO municipio (codigo_municipio, nombre, codigo_departamento) VALUES ('1712', 'Poptún',  '17');
INSERT INTO municipio (codigo_municipio, nombre, codigo_departamento) VALUES ('1713', 'Las Cruces',  '17');
INSERT INTO municipio (codigo_municipio, nombre, codigo_departamento) VALUES ('1714', 'El Chal',  '17');
INSERT INTO municipio (codigo_municipio, nombre, codigo_departamento) VALUES ('1801', 'Puerto Barrios',  '18');
INSERT INTO municipio (codigo_municipio, nombre, codigo_departamento) VALUES ('1802', 'Livingston',  '18');
INSERT INTO municipio (codigo_municipio, nombre, codigo_departamento) VALUES ('1803', 'El Estor',  '18');
INSERT INTO municipio (codigo_municipio, nombre, codigo_departamento) VALUES ('1804', 'Morales',  '18');
INSERT INTO municipio (codigo_municipio, nombre, codigo_departamento) VALUES ('1805', 'Los Amates',  '18');
INSERT INTO municipio (codigo_municipio, nombre, codigo_departamento) VALUES ('1901', 'Zacapa',  '19');
INSERT INTO municipio (codigo_municipio, nombre, codigo_departamento) VALUES ('1902', 'Estanzuela',  '19');
INSERT INTO municipio (codigo_municipio, nombre, codigo_departamento) VALUES ('1903', 'Río Hondo',  '19');
INSERT INTO municipio (codigo_municipio, nombre, codigo_departamento) VALUES ('1904', 'Gualán',  '19');
INSERT INTO municipio (codigo_municipio, nombre, codigo_departamento) VALUES ('1905', 'Teculután',  '19');
INSERT INTO municipio (codigo_municipio, nombre, codigo_departamento) VALUES ('1906', 'Usumatlán',  '19');
INSERT INTO municipio (codigo_municipio, nombre, codigo_departamento) VALUES ('1907', 'Cabañas',  '19');
INSERT INTO municipio (codigo_municipio, nombre, codigo_departamento) VALUES ('1908', 'San Diego',  '19');
INSERT INTO municipio (codigo_municipio, nombre, codigo_departamento) VALUES ('1909', 'La Unión',  '19');
INSERT INTO municipio (codigo_municipio, nombre, codigo_departamento) VALUES ('1910', 'Huité',  '19');
INSERT INTO municipio (codigo_municipio, nombre, codigo_departamento) VALUES ('1911', 'San Jorge',  '19');
INSERT INTO municipio (codigo_municipio, nombre, codigo_departamento) VALUES ('2001', 'Chiquimula',  '20');
INSERT INTO municipio (codigo_municipio, nombre, codigo_departamento) VALUES ('2002', 'San José La Arada',  '20');
INSERT INTO municipio (codigo_municipio, nombre, codigo_departamento) VALUES ('2003', 'San Juan Ermita',  '20');
INSERT INTO municipio (codigo_municipio, nombre, codigo_departamento) VALUES ('2004', 'Jocotán',  '20');
INSERT INTO municipio (codigo_municipio, nombre, codigo_departamento) VALUES ('2005', 'Camotán',  '20');
INSERT INTO municipio (codigo_municipio, nombre, codigo_departamento) VALUES ('2006', 'Olopa',  '20');
INSERT INTO municipio (codigo_municipio, nombre, codigo_departamento) VALUES ('2007', 'Esquipulas',  '20');
INSERT INTO municipio (codigo_municipio, nombre, codigo_departamento) VALUES ('2008', 'Concepción Las Minas',  '20');
INSERT INTO municipio (codigo_municipio, nombre, codigo_departamento) VALUES ('2009', 'Quetzaltepeque',  '20');
INSERT INTO municipio (codigo_municipio, nombre, codigo_departamento) VALUES ('2010', 'San Jacinto',  '20');
INSERT INTO municipio (codigo_municipio, nombre, codigo_departamento) VALUES ('2011', 'Ipala',  '20');
INSERT INTO municipio (codigo_municipio, nombre, codigo_departamento) VALUES ('2101', 'Jalapa',  '21');
INSERT INTO municipio (codigo_municipio, nombre, codigo_departamento) VALUES ('2102', 'San Pedro Pinula',  '21');
INSERT INTO municipio (codigo_municipio, nombre, codigo_departamento) VALUES ('2103', 'San Luis Jilotepeque',  '21');
INSERT INTO municipio (codigo_municipio, nombre, codigo_departamento) VALUES ('2104', 'San Manuel Chaparrón',  '21');
INSERT INTO municipio (codigo_municipio, nombre, codigo_departamento) VALUES ('2105', 'San Carlos Alzatate',  '21');
INSERT INTO municipio (codigo_municipio, nombre, codigo_departamento) VALUES ('2106', 'Monjas',  '21');
INSERT INTO municipio (codigo_municipio, nombre, codigo_departamento) VALUES ('2107', 'Mataquescuintla',  '21');
INSERT INTO municipio (codigo_municipio, nombre, codigo_departamento) VALUES ('2201', 'Jutiapa',  '22');
INSERT INTO municipio (codigo_municipio, nombre, codigo_departamento) VALUES ('2202', 'El Progreso',  '22');
INSERT INTO municipio (codigo_municipio, nombre, codigo_departamento) VALUES ('2203', 'Santa Catarina Mita',  '22');
INSERT INTO municipio (codigo_municipio, nombre, codigo_departamento) VALUES ('2204', 'Agua Blanca',  '22');
INSERT INTO municipio (codigo_municipio, nombre, codigo_departamento) VALUES ('2205', 'Asunción Mita',  '22');
INSERT INTO municipio (codigo_municipio, nombre, codigo_departamento) VALUES ('2206', 'Yupiltepeque',  '22');
INSERT INTO municipio (codigo_municipio, nombre, codigo_departamento) VALUES ('2207', 'Atescatempa',  '22');
INSERT INTO municipio (codigo_municipio, nombre, codigo_departamento) VALUES ('2208', 'Jerez',  '22');
INSERT INTO municipio (codigo_municipio, nombre, codigo_departamento) VALUES ('2209', 'El Adelanto',  '22');
INSERT INTO municipio (codigo_municipio, nombre, codigo_departamento) VALUES ('2210', 'Zapotitlán',  '22');
INSERT INTO municipio (codigo_municipio, nombre, codigo_departamento) VALUES ('2211', 'Comapa',  '22');
INSERT INTO municipio (codigo_municipio, nombre, codigo_departamento) VALUES ('2212', 'Jalpatagua',  '22');
INSERT INTO municipio (codigo_municipio, nombre, codigo_departamento) VALUES ('2213', 'Conguaco',  '22');
INSERT INTO municipio (codigo_municipio, nombre, codigo_departamento) VALUES ('2214', 'Moyuta',  '22');
INSERT INTO municipio (codigo_municipio, nombre, codigo_departamento) VALUES ('2215', 'Pasaco',  '22');
INSERT INTO municipio (codigo_municipio, nombre, codigo_departamento) VALUES ('2216', 'San José Acatempa',  '22');
INSERT INTO municipio (codigo_municipio, nombre, codigo_departamento) VALUES ('2217', 'Quesada',  '22');
COMMIT;

INSERT INTO estadio (codigo_estadio, nombre, aforo) VALUES ('ES001', 'Santiago Bernabéu', 81044);
INSERT INTO estadio (codigo_estadio, nombre, aforo) VALUES ('ES002', 'Spotify Camp Nou', 99354);
INSERT INTO estadio (codigo_estadio, nombre, aforo) VALUES ('ES003', 'Wembley Stadium', 90000);
INSERT INTO estadio (codigo_estadio, nombre, aforo) VALUES ('ES004', 'San Siro', 80018);
INSERT INTO estadio (codigo_estadio, nombre, aforo) VALUES ('ES005', 'Allianz Arena', 75000);
INSERT INTO estadio (codigo_estadio, nombre, aforo) VALUES ('ES006', 'Maracanã', 78838);
INSERT INTO estadio (codigo_estadio, nombre, aforo) VALUES ('ES007', 'Estadio Azteca', 87000);
INSERT INTO estadio (codigo_estadio, nombre, aforo) VALUES ('ES008', 'Old Trafford', 74310);
INSERT INTO estadio (codigo_estadio, nombre, aforo) VALUES ('ES009', 'Signal Iduna Park', 81365);
INSERT INTO estadio (codigo_estadio, nombre, aforo) VALUES ('ES010', 'Emirates Stadium', 60260);

INSERT INTO estadio (codigo_estadio, nombre, aforo) VALUES ('ES011', 'Mateo Flores', 78838);
INSERT INTO estadio (codigo_estadio, nombre, aforo) VALUES ('ES012', 'Bombonera', 87000);
INSERT INTO estadio (codigo_estadio, nombre, aforo) VALUES ('ES013', 'Azteca', 74310);
INSERT INTO estadio (codigo_estadio, nombre, aforo) VALUES ('ES014', 'Vicente Calderon', 81365);
INSERT INTO estadio (codigo_estadio, nombre, aforo) VALUES ('ES015', 'Miami', 60260);
COMMIT;

INSERT INTO presidente (codigo_presidente, dpi, primer_nombre, segundo_nombre, tercer_nombre, primer_apellido, segundo_apellido, fecha_nacimiento, año_eleccion, codigo_municipio)
VALUES ('P001', '1234567890123', 'Juan', 'Carlos', NULL, 'Pérez', 'Gómez', TO_DATE('1975-04-15', 'YYYY-MM-DD'), TO_DATE('2020-01-10', 'YYYY-MM-DD'), '0101');

INSERT INTO presidente (codigo_presidente, dpi, primer_nombre, segundo_nombre, tercer_nombre, primer_apellido, segundo_apellido, fecha_nacimiento, año_eleccion, codigo_municipio)
VALUES ('P002', '9876543210123', 'María', 'José', NULL, 'Martínez', 'Ruiz', TO_DATE('1980-05-21', 'YYYY-MM-DD'), TO_DATE('2019-03-05', 'YYYY-MM-DD'), '1410');

INSERT INTO presidente (codigo_presidente, dpi, primer_nombre, segundo_nombre, tercer_nombre, primer_apellido, segundo_apellido, fecha_nacimiento, año_eleccion, codigo_municipio)
VALUES ('P003', '4567891230123', 'Luis', 'Alberto', 'Fernando', 'Rodríguez', 'López', TO_DATE('1968-07-30', 'YYYY-MM-DD'), TO_DATE('2021-09-15', 'YYYY-MM-DD'), '0101');

INSERT INTO presidente (codigo_presidente, dpi, primer_nombre, segundo_nombre, tercer_nombre, primer_apellido, segundo_apellido, fecha_nacimiento, año_eleccion, codigo_municipio)
VALUES ('P004', '3214569870123', 'Ana', 'Lucía', NULL, 'Hernández', 'Mejía', TO_DATE('1985-12-10', 'YYYY-MM-DD'), TO_DATE('2018-11-20', 'YYYY-MM-DD'), '1403');

INSERT INTO presidente (codigo_presidente, dpi, primer_nombre, segundo_nombre, tercer_nombre, primer_apellido, segundo_apellido, fecha_nacimiento, año_eleccion, codigo_municipio)
VALUES ('P005', '7891234560123', 'Carlos', 'Enrique', NULL, 'Ramírez', 'Sánchez', TO_DATE('1972-03-18', 'YYYY-MM-DD'), TO_DATE('2022-02-28', 'YYYY-MM-DD'), '0101');

INSERT INTO presidente (codigo_presidente, dpi, primer_nombre, segundo_nombre, tercer_nombre, primer_apellido, segundo_apellido, fecha_nacimiento, año_eleccion, codigo_municipio)
VALUES ('P006', '6543217890123', 'Sofía', 'Andrea', NULL, 'García', 'Morales', TO_DATE('1988-08-15', 'YYYY-MM-DD'), TO_DATE('2020-10-10', 'YYYY-MM-DD'), '0101');

INSERT INTO presidente (codigo_presidente, dpi, primer_nombre, segundo_nombre, tercer_nombre, primer_apellido, segundo_apellido, fecha_nacimiento, año_eleccion, codigo_municipio)
VALUES ('P007', '8529637410123', 'Jorge', 'Antonio', 'David', 'Castillo', 'Pérez', TO_DATE('1979-11-25', 'YYYY-MM-DD'), TO_DATE('2017-06-30', 'YYYY-MM-DD'), '0102');

INSERT INTO presidente (codigo_presidente, dpi, primer_nombre, segundo_nombre, tercer_nombre, primer_apellido, segundo_apellido, fecha_nacimiento, año_eleccion, codigo_municipio)
VALUES ('P008', '9638527410123', 'Claudia', 'Patricia', NULL, 'Fernández', 'Cruz', TO_DATE('1990-01-05', 'YYYY-MM-DD'), TO_DATE('2021-08-01', 'YYYY-MM-DD'), '1402');

INSERT INTO presidente (codigo_presidente, dpi, primer_nombre, segundo_nombre, tercer_nombre, primer_apellido, segundo_apellido, fecha_nacimiento, año_eleccion, codigo_municipio)
VALUES ('P009', '7418529630123', 'Eduardo', 'Manuel', 'Javier', 'Ortiz', 'Díaz', TO_DATE('1970-06-22', 'YYYY-MM-DD'), TO_DATE('2020-12-15', 'YYYY-MM-DD'), '0105');

INSERT INTO presidente (codigo_presidente, dpi, primer_nombre, segundo_nombre, tercer_nombre, primer_apellido, segundo_apellido, fecha_nacimiento, año_eleccion, codigo_municipio)
VALUES ('P010', '1593572460123', 'Gabriela', 'Isabel', NULL, 'Mendoza', 'Ríos', TO_DATE('1983-09-12', 'YYYY-MM-DD'), TO_DATE('2019-04-25', 'YYYY-MM-DD'), '0103');

INSERT INTO presidente (codigo_presidente, dpi, primer_nombre, segundo_nombre, tercer_nombre, primer_apellido, segundo_apellido, fecha_nacimiento, año_eleccion, codigo_municipio)
VALUES ('P011', '7539518460123', 'Ricardo', 'Emilio', NULL, 'Álvarez', 'Cabrera', TO_DATE('1978-02-10', 'YYYY-MM-DD'), TO_DATE('2021-03-20', 'YYYY-MM-DD'), '0102');

INSERT INTO presidente (codigo_presidente, dpi, primer_nombre, segundo_nombre, tercer_nombre, primer_apellido, segundo_apellido, fecha_nacimiento, año_eleccion, codigo_municipio)
VALUES ('P012', '9517532840123', 'Susana', 'Beatriz', NULL, 'Gutiérrez', 'Flores', TO_DATE('1985-07-14', 'YYYY-MM-DD'), TO_DATE('2020-09-01', 'YYYY-MM-DD'), '1416');

INSERT INTO presidente (codigo_presidente, dpi, primer_nombre, segundo_nombre, tercer_nombre, primer_apellido, segundo_apellido, fecha_nacimiento, año_eleccion, codigo_municipio)
VALUES ('P013', '7532841590123', 'Roberto', 'Héctor', NULL, 'Cruz', 'Lemus', TO_DATE('1965-05-23', 'YYYY-MM-DD'), TO_DATE('2019-12-30', 'YYYY-MM-DD'), '0101');

INSERT INTO presidente (codigo_presidente, dpi, primer_nombre, segundo_nombre, tercer_nombre, primer_apellido, segundo_apellido, fecha_nacimiento, año_eleccion, codigo_municipio)
VALUES ('P014', '2841597530123', 'Monica', 'Estela', NULL, 'Velásquez', 'Martínez', TO_DATE('1992-10-08', 'YYYY-MM-DD'), TO_DATE('2022-05-18', 'YYYY-MM-DD'), '0102');

INSERT INTO presidente (codigo_presidente, dpi, primer_nombre, segundo_nombre, tercer_nombre, primer_apellido, segundo_apellido, fecha_nacimiento, año_eleccion, codigo_municipio)
VALUES ('P015', '1597532840123', 'Javier', 'Mauricio', NULL, 'Navarro', 'Guzmán', TO_DATE('1974-03-10', 'YYYY-MM-DD'), TO_DATE('2020-11-10', 'YYYY-MM-DD'), '0101');
COMMIT;

INSERT INTO equipo (codigo_equipo, nombre, año_fundacion, codigo_departamento, codigo_estadio, codigo_presidente)
VALUES ('E001', 'Real Madrid', TO_DATE('1902-03-06', 'YYYY-MM-DD'), '1', 'ES001', 'P001');

INSERT INTO equipo (codigo_equipo, nombre, año_fundacion, codigo_departamento, codigo_estadio, codigo_presidente)
VALUES ('E002', 'FC Barcelona', TO_DATE('1899-11-29', 'YYYY-MM-DD'), '2', 'ES002', 'P002');

INSERT INTO equipo (codigo_equipo, nombre, año_fundacion, codigo_departamento, codigo_estadio, codigo_presidente)
VALUES ('E003', 'Manchester United', TO_DATE('1878-03-05', 'YYYY-MM-DD'), '3', 'ES003', 'P003');

INSERT INTO equipo (codigo_equipo, nombre, año_fundacion, codigo_departamento, codigo_estadio, codigo_presidente)
VALUES ('E004', 'Liverpool', TO_DATE('1892-06-03', 'YYYY-MM-DD'), '4', 'ES004', 'P004');

INSERT INTO equipo (codigo_equipo, nombre, año_fundacion, codigo_departamento, codigo_estadio, codigo_presidente)
VALUES ('E005', 'Bayern Munich', TO_DATE('1900-02-27', 'YYYY-MM-DD'), '5', 'ES005', 'P005');

INSERT INTO equipo (codigo_equipo, nombre, año_fundacion, codigo_departamento, codigo_estadio, codigo_presidente)
VALUES ('E006', 'Paris Saint-Germain', TO_DATE('1970-08-12', 'YYYY-MM-DD'), '6', 'ES006', 'P006');

INSERT INTO equipo (codigo_equipo, nombre, año_fundacion, codigo_departamento, codigo_estadio, codigo_presidente)
VALUES ('E007', 'Juventus', TO_DATE('1897-11-01', 'YYYY-MM-DD'), '7', 'ES007', 'P007');

INSERT INTO equipo (codigo_equipo, nombre, año_fundacion, codigo_departamento, codigo_estadio, codigo_presidente)
VALUES ('E008', 'Chelsea', TO_DATE('1905-03-10', 'YYYY-MM-DD'), '8', 'ES008', 'P008');

INSERT INTO equipo (codigo_equipo, nombre, año_fundacion, codigo_departamento, codigo_estadio, codigo_presidente)
VALUES ('E009', 'AC Milan', TO_DATE('1899-12-16', 'YYYY-MM-DD'), '9', 'ES009', 'P009');

INSERT INTO equipo (codigo_equipo, nombre, año_fundacion, codigo_departamento, codigo_estadio, codigo_presidente)
VALUES ('E010', 'Atlético de Madrid', TO_DATE('1903-04-26', 'YYYY-MM-DD'), '10', 'ES010', 'P010');

INSERT INTO equipo (codigo_equipo, nombre, año_fundacion, codigo_departamento, codigo_estadio, codigo_presidente)
VALUES ('E011', 'Borussia Dortmund', TO_DATE('1909-12-19', 'YYYY-MM-DD'), '11', 'ES011', 'P011');

INSERT INTO equipo (codigo_equipo, nombre, año_fundacion, codigo_departamento, codigo_estadio, codigo_presidente)
VALUES ('E012', 'Tottenham Hotspur', TO_DATE('1882-09-05', 'YYYY-MM-DD'), '12', 'ES012', 'P012');

INSERT INTO equipo (codigo_equipo, nombre, año_fundacion, codigo_departamento, codigo_estadio, codigo_presidente)
VALUES ('E013', 'Inter de Milán', TO_DATE('1908-03-09', 'YYYY-MM-DD'), '13', 'ES013', 'P013');

INSERT INTO equipo (codigo_equipo, nombre, año_fundacion, codigo_departamento, codigo_estadio, codigo_presidente)
VALUES ('E014', 'Sevilla FC', TO_DATE('1890-01-25', 'YYYY-MM-DD'), '14', 'ES014', 'P014');

INSERT INTO equipo (codigo_equipo, nombre, año_fundacion, codigo_departamento, codigo_estadio, codigo_presidente)
VALUES ('E015', 'Manchester City', TO_DATE('1880-04-16', 'YYYY-MM-DD'), '15', 'ES015', 'P015');
COMMIT;

INSERT INTO jugador (codigo_jugador, primer_nombre, segundo_nombre, tercer_nombre, primer_apellido, segundo_apellido, fecha_nacimiento, posicion, codigo_equipo, codigo_municipio)
VALUES ('J001', 'Lionel', 'Andrés', NULL, 'Messi', 'Cuccittini', TO_DATE('24/06/1987', 'DD/MM/YYYY'), 'Delantero', 'E002', '0101');

INSERT INTO jugador (codigo_jugador, primer_nombre, segundo_nombre, tercer_nombre, primer_apellido, segundo_apellido, fecha_nacimiento, posicion, codigo_equipo, codigo_municipio)
VALUES ('J002', 'Cristiano', 'Ronaldo', NULL, 'dos Santos', 'Aveiro', TO_DATE('05/02/1985', 'DD/MM/YYYY'), 'Delantero', 'E001', '0101');

INSERT INTO jugador (codigo_jugador, primer_nombre, segundo_nombre, tercer_nombre, primer_apellido, segundo_apellido, fecha_nacimiento, posicion, codigo_equipo, codigo_municipio)
VALUES ('J003', 'Kylian', 'Mbappé', NULL, 'Lottin', 'Mbappé', TO_DATE('20/12/1998', 'DD/MM/YYYY'), 'Delantero', 'E006', '1503');

INSERT INTO jugador (codigo_jugador, primer_nombre, segundo_nombre, tercer_nombre, primer_apellido, segundo_apellido, fecha_nacimiento, posicion, codigo_equipo, codigo_municipio)
VALUES ('J004', 'Neymar', 'da Silva', 'Santos', 'Junior', 'Junior', TO_DATE('05/02/1992', 'DD/MM/YYYY'), 'Delantero', 'E006', '0101');

INSERT INTO jugador (codigo_jugador, primer_nombre, segundo_nombre, tercer_nombre, primer_apellido, segundo_apellido, fecha_nacimiento, posicion, codigo_equipo, codigo_municipio)
VALUES ('J005', 'Robert', 'Lewandowski', NULL, 'Lewandowski', 'Robak', TO_DATE('21/08/1988', 'DD/MM/YYYY'), 'Delantero', 'E005', '0102');

INSERT INTO jugador (codigo_jugador, primer_nombre, segundo_nombre, tercer_nombre, primer_apellido, segundo_apellido, fecha_nacimiento, posicion, codigo_equipo, codigo_municipio)
VALUES ('J006', 'Kevin', 'De', 'Bruyne', 'De', 'Bruyne', TO_DATE('28/06/1991', 'DD/MM/YYYY'), 'Mediocampista', 'E015', '1805');

INSERT INTO jugador (codigo_jugador, primer_nombre, segundo_nombre, tercer_nombre, primer_apellido, segundo_apellido, fecha_nacimiento, posicion, codigo_equipo, codigo_municipio)
VALUES ('J007', 'Sergio', 'Ramos', NULL, 'Ramos', 'García', TO_DATE('30/03/1986', 'DD/MM/YYYY'), 'Defensa', 'E001', '0102');

INSERT INTO jugador (codigo_jugador, primer_nombre, segundo_nombre, tercer_nombre, primer_apellido, segundo_apellido, fecha_nacimiento, posicion, codigo_equipo, codigo_municipio)
VALUES ('J008', 'Virgil', 'van', 'Dijk', 'van', 'Dijk', TO_DATE('08/07/1991', 'DD/MM/YYYY'), 'Defensa', 'E004', '0101');

INSERT INTO jugador (codigo_jugador, primer_nombre, segundo_nombre, tercer_nombre, primer_apellido, segundo_apellido, fecha_nacimiento, posicion, codigo_equipo, codigo_municipio)
VALUES ('J009', 'Mohamed', 'Salah', NULL, 'Salah', 'Ghaly', TO_DATE('15/06/1992', 'DD/MM/YYYY'), 'Delantero', 'E004', '1707');

INSERT INTO jugador (codigo_jugador, primer_nombre, segundo_nombre, tercer_nombre, primer_apellido, segundo_apellido, fecha_nacimiento, posicion, codigo_equipo, codigo_municipio)
VALUES ('J010', 'Manuel', 'Peter', NULL, 'Neuer', 'Weber', TO_DATE('27/03/1986', 'DD/MM/YYYY'), 'Portero', 'E005', '0102');

INSERT INTO jugador (codigo_jugador, primer_nombre, segundo_nombre, tercer_nombre, primer_apellido, segundo_apellido, fecha_nacimiento, posicion, codigo_equipo, codigo_municipio)
VALUES ('J011', 'Harry', 'Edward', NULL, 'Kane', 'Jones', TO_DATE('28/07/1993', 'DD/MM/YYYY'), 'Delantero', 'E012', '1101');

INSERT INTO jugador (codigo_jugador, primer_nombre, segundo_nombre, tercer_nombre, primer_apellido, segundo_apellido, fecha_nacimiento, posicion, codigo_equipo, codigo_municipio)
VALUES ('J012', 'Paulo', 'Bruno', 'Exequiel', 'Dybala', 'Benedetto', TO_DATE('15/11/1993', 'DD/MM/YYYY'), 'Delantero', 'E007', '0102');

INSERT INTO jugador (codigo_jugador, primer_nombre, segundo_nombre, tercer_nombre, primer_apellido, segundo_apellido, fecha_nacimiento, posicion, codigo_equipo, codigo_municipio)
VALUES ('J013', 'Karim', 'Mostafa', NULL, 'Benzema', 'Benchellali', TO_DATE('19/12/1987', 'DD/MM/YYYY'), 'Delantero', 'E001', '1302');

INSERT INTO jugador (codigo_jugador, primer_nombre, segundo_nombre, tercer_nombre, primer_apellido, segundo_apellido, fecha_nacimiento, posicion, codigo_equipo, codigo_municipio)
VALUES ('J014', 'Gerard', 'Piqué', NULL, 'Bernabéu', 'Piqué', TO_DATE('02/02/1987', 'DD/MM/YYYY'), 'Defensa', 'E002', '0101');

INSERT INTO jugador (codigo_jugador, primer_nombre, segundo_nombre, tercer_nombre, primer_apellido, segundo_apellido, fecha_nacimiento, posicion, codigo_equipo, codigo_municipio)
VALUES ('J015', 'Alisson', 'Ramses', NULL, 'Becker', 'Müller', TO_DATE('02/10/1992', 'DD/MM/YYYY'), 'Portero', 'E004', '0105');
COMMIT;

INSERT INTO partido (codigo_partido, fecha_partido, goles_equipo_local, goles_equipo_visita, equipo_codigo_local, equipo_codigo_visita)
VALUES (1001, TO_DATE('12/09/2023', 'DD/MM/YYYY'), 3, 1, 'E001', 'E002');

INSERT INTO partido (codigo_partido, fecha_partido, goles_equipo_local, goles_equipo_visita, equipo_codigo_local, equipo_codigo_visita)
VALUES (1002, TO_DATE('15/09/2023', 'DD/MM/YYYY'), 2, 2, 'E003', 'E004');

INSERT INTO partido (codigo_partido, fecha_partido, goles_equipo_local, goles_equipo_visita, equipo_codigo_local, equipo_codigo_visita)
VALUES (1003, TO_DATE('20/09/2023', 'DD/MM/YYYY'), 1, 0, 'E005', 'E006');

INSERT INTO partido (codigo_partido, fecha_partido, goles_equipo_local, goles_equipo_visita, equipo_codigo_local, equipo_codigo_visita)
VALUES (1004, TO_DATE('25/09/2023', 'DD/MM/YYYY'), 0, 4, 'E007', 'E008');

INSERT INTO partido (codigo_partido, fecha_partido, goles_equipo_local, goles_equipo_visita, equipo_codigo_local, equipo_codigo_visita)
VALUES (1005, TO_DATE('01/10/2023', 'DD/MM/YYYY'), 3, 3, 'E009', 'E010');

INSERT INTO partido (codigo_partido, fecha_partido, goles_equipo_local, goles_equipo_visita, equipo_codigo_local, equipo_codigo_visita)
VALUES (1006, TO_DATE('05/10/2023', 'DD/MM/YYYY'), 2, 1, 'E011', 'E012');

INSERT INTO partido (codigo_partido, fecha_partido, goles_equipo_local, goles_equipo_visita, equipo_codigo_local, equipo_codigo_visita)
VALUES (1007, TO_DATE('10/10/2023', 'DD/MM/YYYY'), 1, 2, 'E013', 'E014');

INSERT INTO partido (codigo_partido, fecha_partido, goles_equipo_local, goles_equipo_visita, equipo_codigo_local, equipo_codigo_visita)
VALUES (1008, TO_DATE('15/10/2023', 'DD/MM/YYYY'), 4, 0, 'E015', 'E001');

INSERT INTO partido (codigo_partido, fecha_partido, goles_equipo_local, goles_equipo_visita, equipo_codigo_local, equipo_codigo_visita)
VALUES (1009, TO_DATE('20/10/2023', 'DD/MM/YYYY'), 0, 0, 'E002', 'E003');

INSERT INTO partido (codigo_partido, fecha_partido, goles_equipo_local, goles_equipo_visita, equipo_codigo_local, equipo_codigo_visita)
VALUES (1010, TO_DATE('25/10/2023', 'DD/MM/YYYY'), 2, 3, 'E004', 'E005');

INSERT INTO partido (codigo_partido, fecha_partido, goles_equipo_local, goles_equipo_visita, equipo_codigo_local, equipo_codigo_visita)
VALUES (1011, TO_DATE('30/10/2023', 'DD/MM/YYYY'), 1, 1, 'E006', 'E007');

INSERT INTO partido (codigo_partido, fecha_partido, goles_equipo_local, goles_equipo_visita, equipo_codigo_local, equipo_codigo_visita)
VALUES (1012, TO_DATE('05/11/2023', 'DD/MM/YYYY'), 3, 2, 'E008', 'E009');

INSERT INTO partido (codigo_partido, fecha_partido, goles_equipo_local, goles_equipo_visita, equipo_codigo_local, equipo_codigo_visita)
VALUES (1013, TO_DATE('10/11/2023', 'DD/MM/YYYY'), 4, 4, 'E010', 'E011');

INSERT INTO partido (codigo_partido, fecha_partido, goles_equipo_local, goles_equipo_visita, equipo_codigo_local, equipo_codigo_visita)
VALUES (1014, TO_DATE('15/11/2023', 'DD/MM/YYYY'), 0, 1, 'E012', 'E013');

INSERT INTO partido (codigo_partido, fecha_partido, goles_equipo_local, goles_equipo_visita, equipo_codigo_local, equipo_codigo_visita)
VALUES (1015, TO_DATE('20/11/2023', 'DD/MM/YYYY'), 2, 0, 'E014', 'E015');
COMMIT;

-- Partido 1001 (3 goles)
INSERT INTO gol (codigo_gol, minuto_gol, descripcion, codigo_jugador, codigo_partido)
VALUES ('G001', '15', 'Disparo desde fuera del área', 'J001', 1001);

INSERT INTO gol (codigo_gol, minuto_gol, descripcion, codigo_jugador, codigo_partido)
VALUES ('G002', '30', 'Cabeceo tras tiro de esquina', 'J002', 1001);

INSERT INTO gol (codigo_gol, minuto_gol, descripcion, codigo_jugador, codigo_partido)
VALUES ('G003', '75', 'Gol de penalti', 'J003', 1001);

-- Partido 1002 (2 goles)
INSERT INTO gol (codigo_gol, minuto_gol, descripcion, codigo_jugador, codigo_partido)
VALUES ('G004', '60', 'Remate de volea', 'J004', 1002);

INSERT INTO gol (codigo_gol, minuto_gol, descripcion, codigo_jugador, codigo_partido)
VALUES ('G005', '90', 'Disparo cruzado', 'J005', 1002);

-- Partido 1003 (1 gol)
INSERT INTO gol (codigo_gol, minuto_gol, descripcion, codigo_jugador, codigo_partido)
VALUES ('G006', '45', 'Tiro libre directo', 'J006', 1003);

-- Partido 1004 (1 gol)
INSERT INTO gol (codigo_gol, minuto_gol, descripcion, codigo_jugador, codigo_partido)
VALUES ('G007', '80', 'Remate dentro del área pequeña', 'J007', 1004);

-- Partido 1005 (2 goles)
INSERT INTO gol (codigo_gol, minuto_gol, descripcion, codigo_jugador, codigo_partido)
VALUES ('G008', '10', 'Disparo de larga distancia', 'J008', 1005);

INSERT INTO gol (codigo_gol, minuto_gol, descripcion, codigo_jugador, codigo_partido)
VALUES ('G009', '65', 'Gol tras un pase filtrado', 'J009', 1005);

-- Partido 1006 (2 goles)
INSERT INTO gol (codigo_gol, minuto_gol, descripcion, codigo_jugador, codigo_partido)
VALUES ('G010', '22', 'Gol de contraataque', 'J010', 1006);

INSERT INTO gol (codigo_gol, minuto_gol, descripcion, codigo_jugador, codigo_partido)
VALUES ('G011', '38', 'Cabeceo desde el punto de penal', 'J011', 1006);

-- Partido 1007 (1 gol)
INSERT INTO gol (codigo_gol, minuto_gol, descripcion, codigo_jugador, codigo_partido)
VALUES ('G012', '50', 'Rebote aprovechado en el área', 'J012', 1007);

-- Partido 1008 (1 gol)
INSERT INTO gol (codigo_gol, minuto_gol, descripcion, codigo_jugador, codigo_partido)
VALUES ('G013', '55', 'Gol tras regatear al portero', 'J013', 1008);

-- Partido 1009 (1 gol)
INSERT INTO gol (codigo_gol, minuto_gol, descripcion, codigo_jugador, codigo_partido)
VALUES ('G014', '5', 'Tiro raso y colocado', 'J014', 1009);

-- Partido 1010 (1 gol)
INSERT INTO gol (codigo_gol, minuto_gol, descripcion, codigo_jugador, codigo_partido)
VALUES ('G015', '78', 'Gol desde dentro del área tras un centro', 'J015', 1010);

-- Partido 1011 (2 goles)
INSERT INTO gol (codigo_gol, minuto_gol, descripcion, codigo_jugador, codigo_partido)
VALUES ('G016', '18', 'Remate de cabeza', 'J001', 1011);

INSERT INTO gol (codigo_gol, minuto_gol, descripcion, codigo_jugador, codigo_partido)
VALUES ('G017', '70', 'Gol tras jugada individual', 'J002', 1011);

-- Partido 1012 (2 goles)
INSERT INTO gol (codigo_gol, minuto_gol, descripcion, codigo_jugador, codigo_partido)
VALUES ('G018', '12', 'Gol de volea dentro del área', 'J003', 1012);

INSERT INTO gol (codigo_gol, minuto_gol, descripcion, codigo_jugador, codigo_partido)
VALUES ('G019', '82', 'Gol de tiro cruzado', 'J004', 1012);
COMMIT;

#NAME?
INSERT INTO correo_electronico (codigo_correo, correo, codigo_jugador)
VALUES ('CJ001', 'cristiano.ronaldo@futbolmail.com', 'J001');

INSERT INTO correo_electronico (codigo_correo, correo, codigo_jugador)
VALUES ('CJ002', 'lionel.messi@futbolmail.com', 'J002');

INSERT INTO correo_electronico (codigo_correo, correo, codigo_jugador)
VALUES ('CJ003', 'neymar.jr@futbolmail.com', 'J003');

INSERT INTO correo_electronico (codigo_correo, correo, codigo_jugador)
VALUES ('CJ004', 'kylian.mbappe@futbolmail.com', 'J004');

INSERT INTO correo_electronico (codigo_correo, correo, codigo_jugador)
VALUES ('CJ005', 'robert.lewandowski@futbolmail.com', 'J005');

INSERT INTO correo_electronico (codigo_correo, correo, codigo_jugador)
VALUES ('CJ006', 'kevin.debruyne@futbolmail.com', 'J006');

INSERT INTO correo_electronico (codigo_correo, correo, codigo_jugador)
VALUES ('CJ007', 'harry.kane@futbolmail.com', 'J007');

INSERT INTO correo_electronico (codigo_correo, correo, codigo_jugador)
VALUES ('CJ008', 'mo.salah@futbolmail.com', 'J008');

INSERT INTO correo_electronico (codigo_correo, correo, codigo_jugador)
VALUES ('CJ009', 'paul.pogba@futbolmail.com', 'J009');

INSERT INTO correo_electronico (codigo_correo, correo, codigo_jugador)
VALUES ('CJ010', 'sergio.ramos@futbolmail.com', 'J010');

INSERT INTO correo_electronico (codigo_correo, correo, codigo_jugador)
VALUES ('CJ011', 'eden.hazard@futbolmail.com', 'J011');

INSERT INTO correo_electronico (codigo_correo, correo, codigo_jugador)
VALUES ('CJ012', 'antoine.griezmann@futbolmail.com', 'J012');

INSERT INTO correo_electronico (codigo_correo, correo, codigo_jugador)
VALUES ('CJ013', 'romelu.lukaku@futbolmail.com', 'J013');

INSERT INTO correo_electronico (codigo_correo, correo, codigo_jugador)
VALUES ('CJ014', 'gerard.pique@futbolmail.com', 'J014');

INSERT INTO correo_electronico (codigo_correo, correo, codigo_jugador)
VALUES ('CJ015', 'marcelo.vieira@futbolmail.com', 'J015');
COMMIT;



INSERT INTO correo_electronico_presidente (codigo_correo, correo, codigo_presidente)
VALUES ('CP001', 'florentino.perez@clubmail.com', 'P001');

INSERT INTO correo_electronico_presidente (codigo_correo, correo, codigo_presidente)
VALUES ('CP002', 'joan.laporta@clubmail.com', 'P002');

INSERT INTO correo_electronico_presidente (codigo_correo, correo, codigo_presidente)
VALUES ('CP003', 'nasser.al-khelaifi@clubmail.com', 'P003');

INSERT INTO correo_electronico_presidente (codigo_correo, correo, codigo_presidente)
VALUES ('CP004', 'andrea.agnelli@clubmail.com', 'P004');

INSERT INTO correo_electronico_presidente (codigo_correo, correo, codigo_presidente)
VALUES ('CP005', 'khaldoon.al-mubarak@clubmail.com', 'P005');

INSERT INTO correo_electronico_presidente (codigo_correo, correo, codigo_presidente)
VALUES ('CP006', 'daniel.levy@clubmail.com', 'P006');

INSERT INTO correo_electronico_presidente (codigo_correo, correo, codigo_presidente)
VALUES ('CP007', 'josep.maria.bartomeu@clubmail.com', 'P007');

INSERT INTO correo_electronico_presidente (codigo_correo, correo, codigo_presidente)
VALUES ('CP008', 'dmitry.rybolovlev@clubmail.com', 'P008');

INSERT INTO correo_electronico_presidente (codigo_correo, correo, codigo_presidente)
VALUES ('CP009', 'roman.abramovich@clubmail.com', 'P009');

INSERT INTO correo_electronico_presidente (codigo_correo, correo, codigo_presidente)
VALUES ('CP010', 'steven.zhang@clubmail.com', 'P010');

INSERT INTO correo_electronico_presidente (codigo_correo, correo, codigo_presidente)
VALUES ('CP011', 'herbert.hainer@clubmail.com', 'P011');

INSERT INTO correo_electronico_presidente (codigo_correo, correo, codigo_presidente)
VALUES ('CP012', 'joaquin.caparros@clubmail.com', 'P012');

INSERT INTO correo_electronico_presidente (codigo_correo, correo, codigo_presidente)
VALUES ('CP013', 'angel.torres@clubmail.com', 'P013');

INSERT INTO correo_electronico_presidente (codigo_correo, correo, codigo_presidente)
VALUES ('CP014', 'enrique.cerezo@clubmail.com', 'P014');

INSERT INTO correo_electronico_presidente (codigo_correo, correo, codigo_presidente)
VALUES ('CP015', 'peter.lim@clubmail.com', 'P015');
COMMIT;



SELECT * FROM JUGADOR;
 
SELECT J.PRIMER_NOMBRE, J.PRIMER_APELLIDO, E.NOMBRE FROM JUGADOR J JOIN EQUIPO E ON J.CODIGO_EQUIPO = E.CODIGO_EQUIPO; 
SELECT CODIGO_JUGADOR, PRIMER_NOMBRE, SEGUNDO_NOMBRE, TERCER_NOMBRE FROM JUGADOR WHERE TERCER_NOMBRE IS NULL ORDER BY CODIGO_JUGADOR DESC; 
SELECT E.NOMBRE, E.AÑO_FUNDACION, ES.NOMBRE, ES.AFORO FROM EQUIPO E JOIN ESTADIO ES ON E.CODIGO_ESTADIO = ES.CODIGO_ESTADIO WHERE ES.AFORO >= 90000;
	 
SELECT P.CODIGO_PARTIDO AS CODIGO, P.FECHA_PARTIDO AS FECHA, P.GOLES_EQUIPO_LOCAL AS GOLESLOCALES, P.GOLES_EQUIPO_VISITA AS GOLESVISITA 
FROM PARTIDO P WHERE P.GOLES_EQUIPO_VISITA > GOLES_EQUIPO_LOCAL;
	 
SELECT P.PRIMER_NOMBRE, P.PRIMER_APELLIDO, E.NOMBRE FROM PRESIDENTE P, EQUIPO E WHERE P.CODIGO_PRESIDENTE = E.CODIGO_PRESIDENTE AND P.PRIMER_NOMBRE LIKE 'J%' ORDER BY P.PRIMER_APELLIDO;


SELECT * FROM JUGADOR WHERE PRIMER_NOMBRE NOT LIKE 'R%';
SELECT PRIMER_NOMBRE, TERCER_NOMBRE FROM JUGADOR WHERE TERCER_NOMBRE IS NULL ORDER BY CODIGO_JUGADOR DESC;

-- JUGADOR Y EQUIPO AL QUE PERTENECEN 

SELECT J.PRIMER_NOMBRE, J.SEGUNDO_NOMBRE, E.NOMBRE FROM JUGADOR J, EQUIPO E WHERE J.CODIGO_EQUIPO = E.CODIGO_EQUIPO;

SELECT * FROM ESTADIO;

SELECT NOMBRE, AFORO FROM ESTADIO WHERE AFORO >= 80000;

SELECT CODIGO_PRESIDENTE AS CODIGO, PRIMER_NOMBRE AS NOMBRE, PRIMER_APELLIDO AS APELLIDO FROM PRESIDENTE ORDER BY PRIMER_NOMBRE;





SELECT * FROM ESTADIO;


SELECT * FROM JUGADOR;







