-- Generated by Oracle SQL Developer Data Modeler 23.1.0.087.0806
--   at:        2024-09-22 18:32:20 CST
--   site:      Oracle Database 11g
--   type:      Oracle Database 11g



-- predefined type, no DDL - MDSYS.SDO_GEOMETRY

-- predefined type, no DDL - XMLTYPE

CREATE TABLE asignacion (
    codigo_asignacion VARCHAR2(10 BYTE) NOT NULL,
    fecha_asignacion  DATE NOT NULL,
    codigo_paciente   VARCHAR2(10 BYTE) NOT NULL,
    numero_planta     NUMBER(2) NOT NULL,
    numero_cama       NUMBER(2) NOT NULL
);

ALTER TABLE asignacion ADD CONSTRAINT asignacion_pk PRIMARY KEY ( codigo_asignacion );

CREATE TABLE atencion_medica (
    numero_atencion          VARCHAR2(5 BYTE) NOT NULL,
    fecha_atencion           DATE NOT NULL,
    hora_atencion            VARCHAR2(10 BYTE) NOT NULL,
    paciente_codigo_paciente VARCHAR2(10 BYTE) NOT NULL,
    codigo_medico            VARCHAR2(10 BYTE) NOT NULL
);

ALTER TABLE atencion_medica ADD CONSTRAINT atencion_medica_pk PRIMARY KEY ( numero_atencion );

CREATE TABLE cama (
    numero_cama   NUMBER(2) NOT NULL,
    numero_planta NUMBER(2) NOT NULL
);

ALTER TABLE cama ADD CONSTRAINT cama_pk PRIMARY KEY ( numero_planta,
                                                      numero_cama );

CREATE TABLE correo_electronico (
    codigo_correo VARCHAR2(10 BYTE) NOT NULL,
    correo        VARCHAR2(50 BYTE) NOT NULL,
    codigo_medico VARCHAR2(10 BYTE) NOT NULL
);

ALTER TABLE correo_electronico ADD CONSTRAINT correo_electronico_pk PRIMARY KEY ( codigo_correo );

CREATE TABLE diagnostico (
    codigo_diagnostico VARCHAR2(10 BYTE) NOT NULL,
    descripcion        VARCHAR2(75 BYTE) NOT NULL
);

ALTER TABLE diagnostico ADD CONSTRAINT diagnostico_pk PRIMARY KEY ( codigo_diagnostico );

CREATE TABLE diagnostico_paciente (
    id_diagnostico     VARCHAR2(10 BYTE) NOT NULL,
    fecha_diagnostico  DATE NOT NULL,
    codigo_paciente    VARCHAR2(10 BYTE) NOT NULL,
    codigo_diagnostico VARCHAR2(10 BYTE) NOT NULL
);

ALTER TABLE diagnostico_paciente ADD CONSTRAINT diagnostico_paciente_pk PRIMARY KEY ( id_diagnostico );

CREATE TABLE medico (
    codigo_medico    VARCHAR2(10 BYTE) NOT NULL,
    primer_nombre    VARCHAR2(30 BYTE) NOT NULL,
    segundo_nombre   VARCHAR2(30 BYTE),
    tercer_nombre    VARCHAR2(30 BYTE),
    primer_apellido  VARCHAR2(30 BYTE) NOT NULL,
    segundo_apellido VARCHAR2(30 BYTE) NOT NULL,
    direccion        VARCHAR2(75 CHAR) NOT NULL,
    codigo_municipio VARCHAR2(10 BYTE) NOT NULL
);

ALTER TABLE medico ADD CONSTRAINT medico_pk PRIMARY KEY ( codigo_medico );

CREATE TABLE medico_diagnostico (
    id_diagnostico     VARCHAR2(10 BYTE) NOT NULL,
    fecha_diagnostico  DATE NOT NULL,
    codigo_medico      VARCHAR2(10 BYTE) NOT NULL,
    codigo_diagnostico VARCHAR2(10 BYTE) NOT NULL
);

ALTER TABLE medico_diagnostico ADD CONSTRAINT medico_diagnostico_pk PRIMARY KEY ( id_diagnostico );

CREATE TABLE municipio (
    codigo_municipio VARCHAR2(10 BYTE) NOT NULL,
    nombre           VARCHAR2(30 BYTE) NOT NULL
);

ALTER TABLE municipio ADD CONSTRAINT municipio_pk PRIMARY KEY ( codigo_municipio );

CREATE TABLE paciente (
    codigo_paciente  VARCHAR2(10 BYTE) NOT NULL,
    numero_ss        NUMBER(10) NOT NULL,
    dpi              NUMBER(13) NOT NULL,
    primer_nombre    VARCHAR2(30 BYTE) NOT NULL,
    segundo_nombre   VARCHAR2(30 BYTE),
    tercer_nombre    VARCHAR2(30 BYTE),
    primer_apellido  VARCHAR2(30 BYTE) NOT NULL,
    segundo_apellido VARCHAR2(30 BYTE) NOT NULL,
    fecha_nacimiento DATE NOT NULL,
    codigo_municipio VARCHAR2(10 BYTE) NOT NULL
);

ALTER TABLE paciente ADD CONSTRAINT paciente_pk PRIMARY KEY ( codigo_paciente );

CREATE TABLE planta (
    numero_planta  NUMBER(2) NOT NULL,
    nombre         VARCHAR2(50 BYTE) NOT NULL,
    cantidad_camas NUMBER(2) NOT NULL
);

ALTER TABLE planta ADD CONSTRAINT planta_pk PRIMARY KEY ( numero_planta );

CREATE TABLE tarjeta_visita (
    numero_tarjeta  NUMBER(4) NOT NULL,
    hora_inicio     VARCHAR2(10 BYTE) NOT NULL,
    hora_fin        VARCHAR2(10 BYTE) NOT NULL,
    codigo_paciente VARCHAR2(10 BYTE) NOT NULL
);

ALTER TABLE tarjeta_visita ADD CONSTRAINT tarjeta_visita_pk PRIMARY KEY ( numero_tarjeta );

CREATE TABLE telefono_medico (
    codigo_telefono VARCHAR2(10 BYTE) NOT NULL,
    prefijo         VARCHAR2(4 BYTE) NOT NULL,
    numero          VARCHAR2(20) NOT NULL,
    codigo_medico   VARCHAR2(10 BYTE) NOT NULL
);

ALTER TABLE telefono_medico ADD CONSTRAINT telefono_medico_pk PRIMARY KEY ( codigo_telefono );

ALTER TABLE asignacion
    ADD CONSTRAINT asignacion_cama_fk FOREIGN KEY ( numero_planta,
                                                    numero_cama )
        REFERENCES cama ( numero_planta,
                          numero_cama );

ALTER TABLE asignacion
    ADD CONSTRAINT asignacion_paciente_fk FOREIGN KEY ( codigo_paciente )
        REFERENCES paciente ( codigo_paciente );

ALTER TABLE atencion_medica
    ADD CONSTRAINT atencion_medica_medico_fk FOREIGN KEY ( codigo_medico )
        REFERENCES medico ( codigo_medico );

ALTER TABLE atencion_medica
    ADD CONSTRAINT atencion_medica_paciente_fk FOREIGN KEY ( paciente_codigo_paciente )
        REFERENCES paciente ( codigo_paciente );

ALTER TABLE cama
    ADD CONSTRAINT cama_planta_fk FOREIGN KEY ( numero_planta )
        REFERENCES planta ( numero_planta );

ALTER TABLE correo_electronico
    ADD CONSTRAINT correo_electronico_medico_fk FOREIGN KEY ( codigo_medico )
        REFERENCES medico ( codigo_medico );

ALTER TABLE diagnostico_paciente
    ADD CONSTRAINT d_paciente_diagnostico_fk FOREIGN KEY ( codigo_diagnostico )
        REFERENCES diagnostico ( codigo_diagnostico );

ALTER TABLE diagnostico_paciente
    ADD CONSTRAINT d_paciente_paciente_fk FOREIGN KEY ( codigo_paciente )
        REFERENCES paciente ( codigo_paciente );

ALTER TABLE medico_diagnostico
    ADD CONSTRAINT m_diagnostico_diagnostico_fk FOREIGN KEY ( codigo_diagnostico )
        REFERENCES diagnostico ( codigo_diagnostico );

ALTER TABLE medico_diagnostico
    ADD CONSTRAINT medico_diagnostico_medico_fk FOREIGN KEY ( codigo_medico )
        REFERENCES medico ( codigo_medico );

ALTER TABLE medico
    ADD CONSTRAINT medico_municipio_fk FOREIGN KEY ( codigo_municipio )
        REFERENCES municipio ( codigo_municipio );

ALTER TABLE paciente
    ADD CONSTRAINT paciente_municipio_fk FOREIGN KEY ( codigo_municipio )
        REFERENCES municipio ( codigo_municipio );

ALTER TABLE tarjeta_visita
    ADD CONSTRAINT tarjeta_visita_paciente_fk FOREIGN KEY ( codigo_paciente )
        REFERENCES paciente ( codigo_paciente );

ALTER TABLE telefono_medico
    ADD CONSTRAINT telefono_medico_medico_fk FOREIGN KEY ( codigo_medico )
        REFERENCES medico ( codigo_medico );



-- Oracle SQL Developer Data Modeler Summary Report: 
-- 
-- CREATE TABLE                            13
-- CREATE INDEX                             0
-- ALTER TABLE                             27
-- CREATE VIEW                              0
-- ALTER VIEW                               0
-- CREATE PACKAGE                           0
-- CREATE PACKAGE BODY                      0
-- CREATE PROCEDURE                         0
-- CREATE FUNCTION                          0
-- CREATE TRIGGER                           0
-- ALTER TRIGGER                            0
-- CREATE COLLECTION TYPE                   0
-- CREATE STRUCTURED TYPE                   0
-- CREATE STRUCTURED TYPE BODY              0
-- CREATE CLUSTER                           0
-- CREATE CONTEXT                           0
-- CREATE DATABASE                          0
-- CREATE DIMENSION                         0
-- CREATE DIRECTORY                         0
-- CREATE DISK GROUP                        0
-- CREATE ROLE                              0
-- CREATE ROLLBACK SEGMENT                  0
-- CREATE SEQUENCE                          0
-- CREATE MATERIALIZED VIEW                 0
-- CREATE MATERIALIZED VIEW LOG             0
-- CREATE SYNONYM                           0
-- CREATE TABLESPACE                        0
-- CREATE USER                              0
-- 
-- DROP TABLESPACE                          0
-- DROP DATABASE                            0
-- 
-- REDACTION POLICY                         0
-- 
-- ORDS DROP SCHEMA                         0
-- ORDS ENABLE SCHEMA                       0
-- ORDS ENABLE OBJECT                       0
-- 
-- ERRORS                                   0
-- WARNINGS                                 0
INSERT INTO municipio (codigo_municipio, nombre) VALUES ('0101', 'Guatemala');
INSERT INTO municipio (codigo_municipio, nombre) VALUES ('0102', 'Santa Catarina Pinula');
INSERT INTO municipio (codigo_municipio, nombre) VALUES ('0103', 'San José Pinula');
INSERT INTO municipio (codigo_municipio, nombre) VALUES ('0104', 'San José del Golfo');
INSERT INTO municipio (codigo_municipio, nombre) VALUES ('0105', 'Palencia');
INSERT INTO municipio (codigo_municipio, nombre) VALUES ('0106', 'Chinautla');
INSERT INTO municipio (codigo_municipio, nombre) VALUES ('0107', 'San Pedro Ayampuc');
INSERT INTO municipio (codigo_municipio, nombre) VALUES ('0108', 'Mixco');
INSERT INTO municipio (codigo_municipio, nombre) VALUES ('0109', 'San Pedro Sacatepéquez');
INSERT INTO municipio (codigo_municipio, nombre) VALUES ('0110', 'San Juan Sacatepéquez');
INSERT INTO municipio (codigo_municipio, nombre) VALUES ('0111', 'San Raymundo');
INSERT INTO municipio (codigo_municipio, nombre) VALUES ('0112', 'Chuarrancho');
INSERT INTO municipio (codigo_municipio, nombre) VALUES ('0113', 'Fraijanes');
INSERT INTO municipio (codigo_municipio, nombre) VALUES ('0114', 'Amatitlán');
INSERT INTO municipio (codigo_municipio, nombre) VALUES ('0115', 'Villa Nueva');
INSERT INTO municipio (codigo_municipio, nombre) VALUES ('0116', 'Villa Canales');
INSERT INTO municipio (codigo_municipio, nombre) VALUES ('0117', 'Petapa');
INSERT INTO municipio (codigo_municipio, nombre) VALUES ('0201', 'Guastatoya');
INSERT INTO municipio (codigo_municipio, nombre) VALUES ('0202', 'Morazán');
INSERT INTO municipio (codigo_municipio, nombre) VALUES ('0203', 'San Agustín Acasaguastlán');
INSERT INTO municipio (codigo_municipio, nombre) VALUES ('0204', 'San Cristóbal Acasaguastlán');
INSERT INTO municipio (codigo_municipio, nombre) VALUES ('0205', 'El Jícaro');
INSERT INTO municipio (codigo_municipio, nombre) VALUES ('0206', 'Sansare');
INSERT INTO municipio (codigo_municipio, nombre) VALUES ('0207', 'Sanarate');
INSERT INTO municipio (codigo_municipio, nombre) VALUES ('0208', 'San Antonio la Paz');
INSERT INTO municipio (codigo_municipio, nombre) VALUES ('0301', 'Antigua Guatemala');
INSERT INTO municipio (codigo_municipio, nombre) VALUES ('0302', 'Jocotenango');
INSERT INTO municipio (codigo_municipio, nombre) VALUES ('0303', 'Pastores');
INSERT INTO municipio (codigo_municipio, nombre) VALUES ('0304', 'Sumpango');
INSERT INTO municipio (codigo_municipio, nombre) VALUES ('0305', 'Santo Domingo Xenacoj');
INSERT INTO municipio (codigo_municipio, nombre) VALUES ('0306', 'Santiago Sacatepéquez');
INSERT INTO municipio (codigo_municipio, nombre) VALUES ('0307', 'San Bartolomé Milpas Altas');
INSERT INTO municipio (codigo_municipio, nombre) VALUES ('0308', 'San Lucas Sacatepéquez');
INSERT INTO municipio (codigo_municipio, nombre) VALUES ('0309', 'Santa Lucía Milpas Altas');
INSERT INTO municipio (codigo_municipio, nombre) VALUES ('0310', 'Magdalena Milpas Altas');
INSERT INTO municipio (codigo_municipio, nombre) VALUES ('0311', 'Santa María de Jesús');
INSERT INTO municipio (codigo_municipio, nombre) VALUES ('0312', 'Ciudad Vieja');
INSERT INTO municipio (codigo_municipio, nombre) VALUES ('0313', 'San Miguel Dueñas');
INSERT INTO municipio (codigo_municipio, nombre) VALUES ('0314', 'Alotenango');
INSERT INTO municipio (codigo_municipio, nombre) VALUES ('0315', 'San Antonio Aguas Calientes');
INSERT INTO municipio (codigo_municipio, nombre) VALUES ('0316', 'Santa Catarina Barahona');
INSERT INTO municipio (codigo_municipio, nombre) VALUES ('0401', 'Chimaltenango');
INSERT INTO municipio (codigo_municipio, nombre) VALUES ('0402', 'San José Poaquil');
INSERT INTO municipio (codigo_municipio, nombre) VALUES ('0403', 'San Martín Jilotepeque');
INSERT INTO municipio (codigo_municipio, nombre) VALUES ('0404', 'Comalapa');
INSERT INTO municipio (codigo_municipio, nombre) VALUES ('0405', 'Santa Apolonia');
INSERT INTO municipio (codigo_municipio, nombre) VALUES ('0406', 'Tecpán Guatemala');
INSERT INTO municipio (codigo_municipio, nombre) VALUES ('0407', 'Patzún');
INSERT INTO municipio (codigo_municipio, nombre) VALUES ('0408', 'Pochuta');
INSERT INTO municipio (codigo_municipio, nombre) VALUES ('0409', 'Patzicía');
INSERT INTO municipio (codigo_municipio, nombre) VALUES ('0410', 'Santa Cruz Balanyá');
INSERT INTO municipio (codigo_municipio, nombre) VALUES ('0411', 'Acatenango');
INSERT INTO municipio (codigo_municipio, nombre) VALUES ('0412', 'Yepocapa');
INSERT INTO municipio (codigo_municipio, nombre) VALUES ('0413', 'San Andrés Itzapa');
INSERT INTO municipio (codigo_municipio, nombre) VALUES ('0414', 'Parramos');
INSERT INTO municipio (codigo_municipio, nombre) VALUES ('0415', 'Zaragoza');
INSERT INTO municipio (codigo_municipio, nombre) VALUES ('0416', 'El Tejar');
INSERT INTO municipio (codigo_municipio, nombre) VALUES ('0501', 'Escuintla');
INSERT INTO municipio (codigo_municipio, nombre) VALUES ('0502', 'Santa Lucía Cotzumalguapa');
INSERT INTO municipio (codigo_municipio, nombre) VALUES ('0503', 'La Democracia');
INSERT INTO municipio (codigo_municipio, nombre) VALUES ('0504', 'Siquinalá');
INSERT INTO municipio (codigo_municipio, nombre) VALUES ('0505', 'Masagua');
INSERT INTO municipio (codigo_municipio, nombre) VALUES ('0506', 'Tiquisate');
INSERT INTO municipio (codigo_municipio, nombre) VALUES ('0507', 'La Gomera');
INSERT INTO municipio (codigo_municipio, nombre) VALUES ('0508', 'Guanagazapa');
INSERT INTO municipio (codigo_municipio, nombre) VALUES ('0509', 'San José');
INSERT INTO municipio (codigo_municipio, nombre) VALUES ('0510', 'Iztapa');
INSERT INTO municipio (codigo_municipio, nombre) VALUES ('0511', 'Palín');
INSERT INTO municipio (codigo_municipio, nombre) VALUES ('0512', 'San Vicente Pacaya');
INSERT INTO municipio (codigo_municipio, nombre) VALUES ('0513', 'Nueva Concepción');
INSERT INTO municipio (codigo_municipio, nombre) VALUES ('0601', 'Cuilapa');
INSERT INTO municipio (codigo_municipio, nombre) VALUES ('0602', 'Barberena');
INSERT INTO municipio (codigo_municipio, nombre) VALUES ('0603', 'Santa Rosa de Lima');
INSERT INTO municipio (codigo_municipio, nombre) VALUES ('0604', 'Casillas');
INSERT INTO municipio (codigo_municipio, nombre) VALUES ('0605', 'San Rafael las Flores');
INSERT INTO municipio (codigo_municipio, nombre) VALUES ('0606', 'Oratorio');
INSERT INTO municipio (codigo_municipio, nombre) VALUES ('0607', 'San Juan Tecuaco');
INSERT INTO municipio (codigo_municipio, nombre) VALUES ('0608', 'Chiquimulilla');
INSERT INTO municipio (codigo_municipio, nombre) VALUES ('0609', 'Taxisco');
INSERT INTO municipio (codigo_municipio, nombre) VALUES ('0610', 'Santa María Ixhuatán');
INSERT INTO municipio (codigo_municipio, nombre) VALUES ('0611', 'Guazacapán');
INSERT INTO municipio (codigo_municipio, nombre) VALUES ('0612', 'Santa Cruz Naranjo');
INSERT INTO municipio (codigo_municipio, nombre) VALUES ('0613', 'Pueblo Nuevo Viñas');
INSERT INTO municipio (codigo_municipio, nombre) VALUES ('0614', 'Nueva Santa Rosa');
INSERT INTO municipio (codigo_municipio, nombre) VALUES ('0701', 'Sololá');
INSERT INTO municipio (codigo_municipio, nombre) VALUES ('0702', 'San José Chacayá');
INSERT INTO municipio (codigo_municipio, nombre) VALUES ('0703', 'Santa María Visitación');
INSERT INTO municipio (codigo_municipio, nombre) VALUES ('0704', 'Santa Lucía Utatlán');
INSERT INTO municipio (codigo_municipio, nombre) VALUES ('0705', 'Nahualá');
INSERT INTO municipio (codigo_municipio, nombre) VALUES ('0706', 'Santa Catarina Ixtahuacán');
INSERT INTO municipio (codigo_municipio, nombre) VALUES ('0707', 'Santa Clara la Laguna');
INSERT INTO municipio (codigo_municipio, nombre) VALUES ('0708', 'Concepción');
INSERT INTO municipio (codigo_municipio, nombre) VALUES ('0709', 'San Andrés Semetabaj');
INSERT INTO municipio (codigo_municipio, nombre) VALUES ('0710', 'Panajachel');
INSERT INTO municipio (codigo_municipio, nombre) VALUES ('0711', 'Santa Catarina Palopó');
INSERT INTO municipio (codigo_municipio, nombre) VALUES ('0712', 'San Antonio Palopó');
INSERT INTO municipio (codigo_municipio, nombre) VALUES ('0713', 'San Lucas Tolimán');
INSERT INTO municipio (codigo_municipio, nombre) VALUES ('0714', 'Santa Cruz la Laguna');
INSERT INTO municipio (codigo_municipio, nombre) VALUES ('0715', 'San Pablo la Laguna');
INSERT INTO municipio (codigo_municipio, nombre) VALUES ('0716', 'San Marcos la Laguna');
INSERT INTO municipio (codigo_municipio, nombre) VALUES ('0717', 'San Juan la Laguna');
INSERT INTO municipio (codigo_municipio, nombre) VALUES ('0718', 'San Pedro la Laguna');
INSERT INTO municipio (codigo_municipio, nombre) VALUES ('0719', 'Santiago Atitlán');
INSERT INTO municipio (codigo_municipio, nombre) VALUES ('0801', 'Totonicapán');
INSERT INTO municipio (codigo_municipio, nombre) VALUES ('0802', 'San Cristóbal Totonicapán');
INSERT INTO municipio (codigo_municipio, nombre) VALUES ('0803', 'San Francisco el Alto');
INSERT INTO municipio (codigo_municipio, nombre) VALUES ('0804', 'San Andrés Xecul');
INSERT INTO municipio (codigo_municipio, nombre) VALUES ('0805', 'Momostenango');
INSERT INTO municipio (codigo_municipio, nombre) VALUES ('0806', 'Santa María Chiquimula');
INSERT INTO municipio (codigo_municipio, nombre) VALUES ('0807', 'Santa Lucía la Reforma');
INSERT INTO municipio (codigo_municipio, nombre) VALUES ('0808', 'San Bartolo');
INSERT INTO municipio (codigo_municipio, nombre) VALUES ('0901', 'Quetzaltenango');
INSERT INTO municipio (codigo_municipio, nombre) VALUES ('0902', 'Salcajá');
INSERT INTO municipio (codigo_municipio, nombre) VALUES ('0903', 'Olintepeque');
INSERT INTO municipio (codigo_municipio, nombre) VALUES ('0904', 'San Carlos Sija');
INSERT INTO municipio (codigo_municipio, nombre) VALUES ('0905', 'Sibilia');
INSERT INTO municipio (codigo_municipio, nombre) VALUES ('0906', 'Cabricán');
INSERT INTO municipio (codigo_municipio, nombre) VALUES ('0907', 'Cajolá');
INSERT INTO municipio (codigo_municipio, nombre) VALUES ('0908', 'San Miguel Siguilá');
INSERT INTO municipio (codigo_municipio, nombre) VALUES ('0909', 'Ostuncalco');
INSERT INTO municipio (codigo_municipio, nombre) VALUES ('0910', 'San Mateo');
INSERT INTO municipio (codigo_municipio, nombre) VALUES ('0911', 'Concepción Chiquirichapa');
INSERT INTO municipio (codigo_municipio, nombre) VALUES ('0912', 'San Martín Sacatepéquez');
INSERT INTO municipio (codigo_municipio, nombre) VALUES ('0913', 'Almolonga');
INSERT INTO municipio (codigo_municipio, nombre) VALUES ('0914', 'Cantel');
INSERT INTO municipio (codigo_municipio, nombre) VALUES ('0915', 'Huitán');
INSERT INTO municipio (codigo_municipio, nombre) VALUES ('0916', 'Zunil');
INSERT INTO municipio (codigo_municipio, nombre) VALUES ('0917', 'Colomba');
INSERT INTO municipio (codigo_municipio, nombre) VALUES ('0918', 'San Francisco la Unión');
INSERT INTO municipio (codigo_municipio, nombre) VALUES ('0919', 'El Palmar');
INSERT INTO municipio (codigo_municipio, nombre) VALUES ('0920', 'Coatepeque');
INSERT INTO municipio (codigo_municipio, nombre) VALUES ('0921', 'Génova');
INSERT INTO municipio (codigo_municipio, nombre) VALUES ('0922', 'Flores Costa Cuca');
INSERT INTO municipio (codigo_municipio, nombre) VALUES ('0923', 'La Esperanza');
INSERT INTO municipio (codigo_municipio, nombre) VALUES ('0924', 'Palestina de los Altos');
INSERT INTO municipio (codigo_municipio, nombre) VALUES ('1001', 'Mazatenango');
INSERT INTO municipio (codigo_municipio, nombre) VALUES ('1002', 'Cuyotenango');
INSERT INTO municipio (codigo_municipio, nombre) VALUES ('1003', 'San Francisco Zapotitlán');
INSERT INTO municipio (codigo_municipio, nombre) VALUES ('1004', 'San Bernardino');
INSERT INTO municipio (codigo_municipio, nombre) VALUES ('1005', 'San José el Idolo');
INSERT INTO municipio (codigo_municipio, nombre) VALUES ('1006', 'Santo Domingo Suchitepéquez');
INSERT INTO municipio (codigo_municipio, nombre) VALUES ('1007', 'San Lorenzo');
INSERT INTO municipio (codigo_municipio, nombre) VALUES ('1008', 'Samayac');
INSERT INTO municipio (codigo_municipio, nombre) VALUES ('1009', 'San Pablo Jocopilas');
INSERT INTO municipio (codigo_municipio, nombre) VALUES ('1010', 'San Antonio Suchitepéquez');
INSERT INTO municipio (codigo_municipio, nombre) VALUES ('1011', 'San Miguel Panán');
INSERT INTO municipio (codigo_municipio, nombre) VALUES ('1012', 'San Gabriel');
INSERT INTO municipio (codigo_municipio, nombre) VALUES ('1013', 'Chicacao');
INSERT INTO municipio (codigo_municipio, nombre) VALUES ('1014', 'Patulul');
INSERT INTO municipio (codigo_municipio, nombre) VALUES ('1015', 'Santa Bárbara');
INSERT INTO municipio (codigo_municipio, nombre) VALUES ('1016', 'San Juan Bautista');
INSERT INTO municipio (codigo_municipio, nombre) VALUES ('1017', 'Santo Tomás la Unión');
INSERT INTO municipio (codigo_municipio, nombre) VALUES ('1018', 'Zunilito');
INSERT INTO municipio (codigo_municipio, nombre) VALUES ('1019', 'Pueblo Nuevo');
INSERT INTO municipio (codigo_municipio, nombre) VALUES ('1020', 'Río Bravo');
INSERT INTO municipio (codigo_municipio, nombre) VALUES ('1021', 'San José La Máquina');
INSERT INTO municipio (codigo_municipio, nombre) VALUES ('1101', 'Retalhuleu');
INSERT INTO municipio (codigo_municipio, nombre) VALUES ('1102', 'San Sebastián');
INSERT INTO municipio (codigo_municipio, nombre) VALUES ('1103', 'Santa Cruz Muluá');
INSERT INTO municipio (codigo_municipio, nombre) VALUES ('1104', 'San Martín Zapotitlán');
INSERT INTO municipio (codigo_municipio, nombre) VALUES ('1105', 'San Felipe');
INSERT INTO municipio (codigo_municipio, nombre) VALUES ('1106', 'San Andrés Villa Seca');
INSERT INTO municipio (codigo_municipio, nombre) VALUES ('1107', 'Champerico');
INSERT INTO municipio (codigo_municipio, nombre) VALUES ('1108', 'Nuevo San Carlos');
INSERT INTO municipio (codigo_municipio, nombre) VALUES ('1109', 'El Asintal');
INSERT INTO municipio (codigo_municipio, nombre) VALUES ('1201', 'San Marcos');
INSERT INTO municipio (codigo_municipio, nombre) VALUES ('1202', 'San Pedro Sacatepéquez');
INSERT INTO municipio (codigo_municipio, nombre) VALUES ('1203', 'San Antonio Sacatepéquez');
INSERT INTO municipio (codigo_municipio, nombre) VALUES ('1204', 'Comitancillo');
INSERT INTO municipio (codigo_municipio, nombre) VALUES ('1205', 'San Miguel Ixtahuacán');
INSERT INTO municipio (codigo_municipio, nombre) VALUES ('1206', 'Concepción Tutuapa');
INSERT INTO municipio (codigo_municipio, nombre) VALUES ('1207', 'Tacaná');
INSERT INTO municipio (codigo_municipio, nombre) VALUES ('1208', 'Sibinal');
INSERT INTO municipio (codigo_municipio, nombre) VALUES ('1209', 'Tajumulco');
INSERT INTO municipio (codigo_municipio, nombre) VALUES ('1210', 'Tejutla');
INSERT INTO municipio (codigo_municipio, nombre) VALUES ('1211', 'San Rafael Pié de la Cuesta');
INSERT INTO municipio (codigo_municipio, nombre) VALUES ('1212', 'Nuevo Progreso');
INSERT INTO municipio (codigo_municipio, nombre) VALUES ('1213', 'El Tumbador');
INSERT INTO municipio (codigo_municipio, nombre) VALUES ('1214', 'El Rodeo');
INSERT INTO municipio (codigo_municipio, nombre) VALUES ('1215', 'Malacatán');
INSERT INTO municipio (codigo_municipio, nombre) VALUES ('1216', 'Catarina');
INSERT INTO municipio (codigo_municipio, nombre) VALUES ('1217', 'Ayutla');
INSERT INTO municipio (codigo_municipio, nombre) VALUES ('1218', 'Ocós');
INSERT INTO municipio (codigo_municipio, nombre) VALUES ('1219', 'San Pablo');
INSERT INTO municipio (codigo_municipio, nombre) VALUES ('1220', 'El Quetzal');
INSERT INTO municipio (codigo_municipio, nombre) VALUES ('1221', 'La Reforma');
INSERT INTO municipio (codigo_municipio, nombre) VALUES ('1222', 'Pajapita');
INSERT INTO municipio (codigo_municipio, nombre) VALUES ('1223', 'Ixchiguán');
INSERT INTO municipio (codigo_municipio, nombre) VALUES ('1224', 'San José Ojetenán');
INSERT INTO municipio (codigo_municipio, nombre) VALUES ('1225', 'San Cristóbal Cucho');
INSERT INTO municipio (codigo_municipio, nombre) VALUES ('1226', 'Sipacapa');
INSERT INTO municipio (codigo_municipio, nombre) VALUES ('1227', 'Esquipulas Palo Gordo');
INSERT INTO municipio (codigo_municipio, nombre) VALUES ('1228', 'Río Blanco');
INSERT INTO municipio (codigo_municipio, nombre) VALUES ('1229', 'San Lorenzo');
INSERT INTO municipio (codigo_municipio, nombre) VALUES ('1230', 'La Blanca');
INSERT INTO municipio (codigo_municipio, nombre) VALUES ('1301', 'Huehuetenango');
INSERT INTO municipio (codigo_municipio, nombre) VALUES ('1302', 'Chiantla');
INSERT INTO municipio (codigo_municipio, nombre) VALUES ('1303', 'Malacatancito');
INSERT INTO municipio (codigo_municipio, nombre) VALUES ('1304', 'Cuilco');
INSERT INTO municipio (codigo_municipio, nombre) VALUES ('1305', 'Nentón');
INSERT INTO municipio (codigo_municipio, nombre) VALUES ('1306', 'San Pedro Necta');
INSERT INTO municipio (codigo_municipio, nombre) VALUES ('1307', 'Jacaltenango');
INSERT INTO municipio (codigo_municipio, nombre) VALUES ('1308', 'Soloma');
INSERT INTO municipio (codigo_municipio, nombre) VALUES ('1309', 'Ixtahuacán');
INSERT INTO municipio (codigo_municipio, nombre) VALUES ('1310', 'Santa Bárbara');
INSERT INTO municipio (codigo_municipio, nombre) VALUES ('1311', 'La Libertad');
INSERT INTO municipio (codigo_municipio, nombre) VALUES ('1312', 'La Democracia');
INSERT INTO municipio (codigo_municipio, nombre) VALUES ('1313', 'San Miguel Acatán');
INSERT INTO municipio (codigo_municipio, nombre) VALUES ('1314', 'San Rafael la Independencia');
INSERT INTO municipio (codigo_municipio, nombre) VALUES ('1315', 'Todos Santos Cuchumatán');
INSERT INTO municipio (codigo_municipio, nombre) VALUES ('1316', 'San Juan Atitán');
INSERT INTO municipio (codigo_municipio, nombre) VALUES ('1317', 'Santa Eulalia');
INSERT INTO municipio (codigo_municipio, nombre) VALUES ('1318', 'San Mateo Ixtatán');
INSERT INTO municipio (codigo_municipio, nombre) VALUES ('1319', 'Colotenango');
INSERT INTO municipio (codigo_municipio, nombre) VALUES ('1320', 'San Sebastián Huehuetenango');
INSERT INTO municipio (codigo_municipio, nombre) VALUES ('1321', 'Tectitán');
INSERT INTO municipio (codigo_municipio, nombre) VALUES ('1322', 'Concepción Huista');
INSERT INTO municipio (codigo_municipio, nombre) VALUES ('1323', 'San Juan Ixcoy');
INSERT INTO municipio (codigo_municipio, nombre) VALUES ('1324', 'San Antonio Huista');
INSERT INTO municipio (codigo_municipio, nombre) VALUES ('1325', 'San Sebastián Coatán');
INSERT INTO municipio (codigo_municipio, nombre) VALUES ('1326', 'Barillas');
INSERT INTO municipio (codigo_municipio, nombre) VALUES ('1327', 'Aguacatán');
INSERT INTO municipio (codigo_municipio, nombre) VALUES ('1328', 'San Rafael Petzal');
INSERT INTO municipio (codigo_municipio, nombre) VALUES ('1329', 'San Gaspar Ixchil');
INSERT INTO municipio (codigo_municipio, nombre) VALUES ('1330', 'Santiago Chimaltenango');
INSERT INTO municipio (codigo_municipio, nombre) VALUES ('1331', 'Santa Ana Huista');
INSERT INTO municipio (codigo_municipio, nombre) VALUES ('1332', 'Unión Cantinil');
INSERT INTO municipio (codigo_municipio, nombre) VALUES ('1401', 'Santa Cruz del Quiché');
INSERT INTO municipio (codigo_municipio, nombre) VALUES ('1402', 'Chiché');
INSERT INTO municipio (codigo_municipio, nombre) VALUES ('1403', 'Chinique');
INSERT INTO municipio (codigo_municipio, nombre) VALUES ('1404', 'Zacualpa');
INSERT INTO municipio (codigo_municipio, nombre) VALUES ('1405', 'Chajul');
INSERT INTO municipio (codigo_municipio, nombre) VALUES ('1406', 'Chichicastenango');
INSERT INTO municipio (codigo_municipio, nombre) VALUES ('1407', 'Patzité');
INSERT INTO municipio (codigo_municipio, nombre) VALUES ('1408', 'San Antonio Ilotenango');
INSERT INTO municipio (codigo_municipio, nombre) VALUES ('1409', 'San Pedro Jocopilas');
INSERT INTO municipio (codigo_municipio, nombre) VALUES ('1410', 'Cunén');
INSERT INTO municipio (codigo_municipio, nombre) VALUES ('1411', 'San Juan Cotzal');
INSERT INTO municipio (codigo_municipio, nombre) VALUES ('1412', 'Joyabaj');
INSERT INTO municipio (codigo_municipio, nombre) VALUES ('1413', 'Nebaj');
INSERT INTO municipio (codigo_municipio, nombre) VALUES ('1414', 'San Andrés Sajcabajá');
INSERT INTO municipio (codigo_municipio, nombre) VALUES ('1415', 'Uspantán');
INSERT INTO municipio (codigo_municipio, nombre) VALUES ('1416', 'Sacapulas');
INSERT INTO municipio (codigo_municipio, nombre) VALUES ('1417', 'San Bartolomé Jocotenango');
INSERT INTO municipio (codigo_municipio, nombre) VALUES ('1418', 'Canillá');
INSERT INTO municipio (codigo_municipio, nombre) VALUES ('1419', 'Chicamán');
INSERT INTO municipio (codigo_municipio, nombre) VALUES ('1420', 'Ixcán');
INSERT INTO municipio (codigo_municipio, nombre) VALUES ('1421', 'Pachalum');
INSERT INTO municipio (codigo_municipio, nombre) VALUES ('1501', 'Salamá');
INSERT INTO municipio (codigo_municipio, nombre) VALUES ('1502', 'San Miguel Chicaj');
INSERT INTO municipio (codigo_municipio, nombre) VALUES ('1503', 'Rabinal');
INSERT INTO municipio (codigo_municipio, nombre) VALUES ('1504', 'Cubulco');
INSERT INTO municipio (codigo_municipio, nombre) VALUES ('1505', 'Granados');
INSERT INTO municipio (codigo_municipio, nombre) VALUES ('1506', 'El Chol');
INSERT INTO municipio (codigo_municipio, nombre) VALUES ('1507', 'San Jerónimo');
INSERT INTO municipio (codigo_municipio, nombre) VALUES ('1508', 'Purulhá');
INSERT INTO municipio (codigo_municipio, nombre) VALUES ('1601', 'Cobán');
INSERT INTO municipio (codigo_municipio, nombre) VALUES ('1602', 'Santa Cruz Verapaz');
INSERT INTO municipio (codigo_municipio, nombre) VALUES ('1603', 'San Cristóbal Verapaz');
INSERT INTO municipio (codigo_municipio, nombre) VALUES ('1604', 'Tactic');
INSERT INTO municipio (codigo_municipio, nombre) VALUES ('1605', 'Tamahú');
INSERT INTO municipio (codigo_municipio, nombre) VALUES ('1606', 'Tucurú');
INSERT INTO municipio (codigo_municipio, nombre) VALUES ('1607', 'Panzós');
INSERT INTO municipio (codigo_municipio, nombre) VALUES ('1608', 'Senahú');
INSERT INTO municipio (codigo_municipio, nombre) VALUES ('1609', 'San Pedro Carchá');
INSERT INTO municipio (codigo_municipio, nombre) VALUES ('1610', 'San Juan Chamelco');
INSERT INTO municipio (codigo_municipio, nombre) VALUES ('1611', 'Lanquín');
INSERT INTO municipio (codigo_municipio, nombre) VALUES ('1612', 'Cahabón');
INSERT INTO municipio (codigo_municipio, nombre) VALUES ('1613', 'Chisec');
INSERT INTO municipio (codigo_municipio, nombre) VALUES ('1614', 'Chahal');
INSERT INTO municipio (codigo_municipio, nombre) VALUES ('1615', 'Fray Bartolomé de las Casas');
INSERT INTO municipio (codigo_municipio, nombre) VALUES ('1616', 'Santa Catalina la Tinta');
INSERT INTO municipio (codigo_municipio, nombre) VALUES ('1617', 'Raxruhá');
INSERT INTO municipio (codigo_municipio, nombre) VALUES ('1701', 'Flores');
INSERT INTO municipio (codigo_municipio, nombre) VALUES ('1702', 'San José');
INSERT INTO municipio (codigo_municipio, nombre) VALUES ('1703', 'San Benito');
INSERT INTO municipio (codigo_municipio, nombre) VALUES ('1704', 'San Andrés');
INSERT INTO municipio (codigo_municipio, nombre) VALUES ('1705', 'La Libertad');
INSERT INTO municipio (codigo_municipio, nombre) VALUES ('1706', 'San Francisco');
INSERT INTO municipio (codigo_municipio, nombre) VALUES ('1707', 'Santa Ana');
INSERT INTO municipio (codigo_municipio, nombre) VALUES ('1708', 'Dolores');
INSERT INTO municipio (codigo_municipio, nombre) VALUES ('1709', 'San Luis');
INSERT INTO municipio (codigo_municipio, nombre) VALUES ('1710', 'Sayaxché');
INSERT INTO municipio (codigo_municipio, nombre) VALUES ('1711', 'Melchor de Mencos');
INSERT INTO municipio (codigo_municipio, nombre) VALUES ('1712', 'Poptún');
INSERT INTO municipio (codigo_municipio, nombre) VALUES ('1713', 'Las Cruces');
INSERT INTO municipio (codigo_municipio, nombre) VALUES ('1714', 'El Chal');
INSERT INTO municipio (codigo_municipio, nombre) VALUES ('1801', 'Puerto Barrios');
INSERT INTO municipio (codigo_municipio, nombre) VALUES ('1802', 'Livingston');
INSERT INTO municipio (codigo_municipio, nombre) VALUES ('1803', 'El Estor');
INSERT INTO municipio (codigo_municipio, nombre) VALUES ('1804', 'Morales');
INSERT INTO municipio (codigo_municipio, nombre) VALUES ('1805', 'Los Amates');
INSERT INTO municipio (codigo_municipio, nombre) VALUES ('1901', 'Zacapa');
INSERT INTO municipio (codigo_municipio, nombre) VALUES ('1902', 'Estanzuela');
INSERT INTO municipio (codigo_municipio, nombre) VALUES ('1903', 'Río Hondo');
INSERT INTO municipio (codigo_municipio, nombre) VALUES ('1904', 'Gualán');
INSERT INTO municipio (codigo_municipio, nombre) VALUES ('1905', 'Teculután');
INSERT INTO municipio (codigo_municipio, nombre) VALUES ('1906', 'Usumatlán');
INSERT INTO municipio (codigo_municipio, nombre) VALUES ('1907', 'Cabañas');
INSERT INTO municipio (codigo_municipio, nombre) VALUES ('1908', 'San Diego');
INSERT INTO municipio (codigo_municipio, nombre) VALUES ('1909', 'La Unión');
INSERT INTO municipio (codigo_municipio, nombre) VALUES ('1910', 'Huité');
INSERT INTO municipio (codigo_municipio, nombre) VALUES ('1911', 'San Jorge');
INSERT INTO municipio (codigo_municipio, nombre) VALUES ('2001', 'Chiquimula');
INSERT INTO municipio (codigo_municipio, nombre) VALUES ('2002', 'San José La Arada');
INSERT INTO municipio (codigo_municipio, nombre) VALUES ('2003', 'San Juan Ermita');
INSERT INTO municipio (codigo_municipio, nombre) VALUES ('2004', 'Jocotán');
INSERT INTO municipio (codigo_municipio, nombre) VALUES ('2005', 'Camotán');
INSERT INTO municipio (codigo_municipio, nombre) VALUES ('2006', 'Olopa');
INSERT INTO municipio (codigo_municipio, nombre) VALUES ('2007', 'Esquipulas');
INSERT INTO municipio (codigo_municipio, nombre) VALUES ('2008', 'Concepción Las Minas');
INSERT INTO municipio (codigo_municipio, nombre) VALUES ('2009', 'Quetzaltepeque');
INSERT INTO municipio (codigo_municipio, nombre) VALUES ('2010', 'San Jacinto');
INSERT INTO municipio (codigo_municipio, nombre) VALUES ('2011', 'Ipala');
INSERT INTO municipio (codigo_municipio, nombre) VALUES ('2101', 'Jalapa');
INSERT INTO municipio (codigo_municipio, nombre) VALUES ('2102', 'San Pedro Pinula');
INSERT INTO municipio (codigo_municipio, nombre) VALUES ('2103', 'San Luis Jilotepeque');
INSERT INTO municipio (codigo_municipio, nombre) VALUES ('2104', 'San Manuel Chaparrón');
INSERT INTO municipio (codigo_municipio, nombre) VALUES ('2105', 'San Carlos Alzatate');
INSERT INTO municipio (codigo_municipio, nombre) VALUES ('2106', 'Monjas');
INSERT INTO municipio (codigo_municipio, nombre) VALUES ('2107', 'Mataquescuintla');
INSERT INTO municipio (codigo_municipio, nombre) VALUES ('2201', 'Jutiapa');
INSERT INTO municipio (codigo_municipio, nombre) VALUES ('2202', 'El Progreso');
INSERT INTO municipio (codigo_municipio, nombre) VALUES ('2203', 'Santa Catarina Mita');
INSERT INTO municipio (codigo_municipio, nombre) VALUES ('2204', 'Agua Blanca');
INSERT INTO municipio (codigo_municipio, nombre) VALUES ('2205', 'Asunción Mita');
INSERT INTO municipio (codigo_municipio, nombre) VALUES ('2206', 'Yupiltepeque');
INSERT INTO municipio (codigo_municipio, nombre) VALUES ('2207', 'Atescatempa');
INSERT INTO municipio (codigo_municipio, nombre) VALUES ('2208', 'Jerez');
INSERT INTO municipio (codigo_municipio, nombre) VALUES ('2209', 'El Adelanto');
INSERT INTO municipio (codigo_municipio, nombre) VALUES ('2210', 'Zapotitlán');
INSERT INTO municipio (codigo_municipio, nombre) VALUES ('2211', 'Comapa');
INSERT INTO municipio (codigo_municipio, nombre) VALUES ('2212', 'Jalpatagua');
INSERT INTO municipio (codigo_municipio, nombre) VALUES ('2213', 'Conguaco');
INSERT INTO municipio (codigo_municipio, nombre) VALUES ('2214', 'Moyuta');
INSERT INTO municipio (codigo_municipio, nombre) VALUES ('2215', 'Pasaco');
INSERT INTO municipio (codigo_municipio, nombre) VALUES ('2216', 'San José Acatempa');
INSERT INTO municipio (codigo_municipio, nombre) VALUES ('2217', 'Quesada');
COMMIT;




INSERT INTO diagnostico (codigo_diagnostico, descripcion)
VALUES ('D001', 'Gripe común');

INSERT INTO diagnostico (codigo_diagnostico, descripcion)
VALUES ('D002', 'Diabetes tipo 2');

INSERT INTO diagnostico (codigo_diagnostico, descripcion)
VALUES ('D003', 'Fractura de brazo');

INSERT INTO diagnostico (codigo_diagnostico, descripcion)
VALUES ('D004', 'Hipertensión arterial');

INSERT INTO diagnostico (codigo_diagnostico, descripcion)
VALUES ('D005', 'Alergia estacional');

INSERT INTO diagnostico (codigo_diagnostico, descripcion)
VALUES ('D006', 'Asma crónica');

INSERT INTO diagnostico (codigo_diagnostico, descripcion)
VALUES ('D007', 'Neumonía');

INSERT INTO diagnostico (codigo_diagnostico, descripcion)
VALUES ('D008', 'Artritis reumatoide');

INSERT INTO diagnostico (codigo_diagnostico, descripcion)
VALUES ('D009', 'Insuficiencia renal aguda');

INSERT INTO diagnostico (codigo_diagnostico, descripcion)
VALUES ('D010', 'Migraña crónica');
COMMIT;


INSERT INTO planta (numero_planta, nombre, cantidad_camas)
VALUES (1, 'Planta de Pediatría', 30);

INSERT INTO planta (numero_planta, nombre, cantidad_camas)
VALUES (2, 'Planta de Traumatología', 25);

INSERT INTO planta (numero_planta, nombre, cantidad_camas)
VALUES (3, 'Planta de Cardiología', 20);

INSERT INTO planta (numero_planta, nombre, cantidad_camas)
VALUES (4, 'Planta de Geriatría', 35);

INSERT INTO planta (numero_planta, nombre, cantidad_camas)
VALUES (5, 'Planta de Oncología', 15);

INSERT INTO planta (numero_planta, nombre, cantidad_camas)
VALUES (6, 'Planta de Neurología', 18);

INSERT INTO planta (numero_planta, nombre, cantidad_camas)
VALUES (7, 'Planta de Maternidad', 40);

INSERT INTO planta (numero_planta, nombre, cantidad_camas)
VALUES (8, 'Planta de Cuidados Intensivos', 12);

INSERT INTO planta (numero_planta, nombre, cantidad_camas)
VALUES (9, 'Planta de Urología', 22);

INSERT INTO planta (numero_planta, nombre, cantidad_camas)
VALUES (10, 'Planta de Cirugía General', 28);

INSERT INTO planta (numero_planta, nombre, cantidad_camas)
VALUES (11, 'Planta de Psiquiatría', 16);

INSERT INTO planta (numero_planta, nombre, cantidad_camas)
VALUES (12, 'Planta de Dermatología', 14);

INSERT INTO planta (numero_planta, nombre, cantidad_camas)
VALUES (13, 'Planta de Neumología', 17);

INSERT INTO planta (numero_planta, nombre, cantidad_camas)
VALUES (14, 'Planta de Gastroenterología', 19);

INSERT INTO planta (numero_planta, nombre, cantidad_camas)
VALUES (15, 'Planta de Infectología', 21);
COMMIT;






INSERT INTO cama (numero_cama, numero_planta)
VALUES (1, 1);
INSERT INTO cama (numero_cama, numero_planta)
VALUES (2, 1);
INSERT INTO cama (numero_cama, numero_planta)
VALUES (3, 1);

INSERT INTO cama (numero_cama, numero_planta)
VALUES (4, 1);


INSERT INTO cama (numero_cama, numero_planta)
VALUES (1, 2);
INSERT INTO cama (numero_cama, numero_planta)
VALUES (2, 2);
INSERT INTO cama (numero_cama, numero_planta)
VALUES (3, 2);

INSERT INTO cama (numero_cama, numero_planta)
VALUES (4, 2);


INSERT INTO cama (numero_cama, numero_planta)
VALUES (1, 3);
INSERT INTO cama (numero_cama, numero_planta)
VALUES (2, 3);
INSERT INTO cama (numero_cama, numero_planta)
VALUES (3, 3);

INSERT INTO cama (numero_cama, numero_planta)
VALUES (4, 3);


INSERT INTO cama (numero_cama, numero_planta)
VALUES (1, 4);
INSERT INTO cama (numero_cama, numero_planta)
VALUES (2, 4);
INSERT INTO cama (numero_cama, numero_planta)
VALUES (3, 4);

INSERT INTO cama (numero_cama, numero_planta)
VALUES (4, 4);


INSERT INTO cama (numero_cama, numero_planta)
VALUES (1, 5);
INSERT INTO cama (numero_cama, numero_planta)
VALUES (2, 5);
INSERT INTO cama (numero_cama, numero_planta)
VALUES (3, 5);

INSERT INTO cama (numero_cama, numero_planta)
VALUES (4, 5);


INSERT INTO cama (numero_cama, numero_planta)
VALUES (1, 6);
INSERT INTO cama (numero_cama, numero_planta)
VALUES (2, 6);
INSERT INTO cama (numero_cama, numero_planta)
VALUES (3, 6);

INSERT INTO cama (numero_cama, numero_planta)
VALUES (4, 6);


INSERT INTO cama (numero_cama, numero_planta)
VALUES (1, 7);
INSERT INTO cama (numero_cama, numero_planta)
VALUES (2, 7);
INSERT INTO cama (numero_cama, numero_planta)
VALUES (3, 7);

INSERT INTO cama (numero_cama, numero_planta)
VALUES (4, 7);


INSERT INTO cama (numero_cama, numero_planta)
VALUES (1, 8);
INSERT INTO cama (numero_cama, numero_planta)
VALUES (2, 8);
INSERT INTO cama (numero_cama, numero_planta)
VALUES (3, 8);

INSERT INTO cama (numero_cama, numero_planta)
VALUES (4, 8);

INSERT INTO cama (numero_cama, numero_planta)
VALUES (1, 9);
INSERT INTO cama (numero_cama, numero_planta)
VALUES (2, 9);
INSERT INTO cama (numero_cama, numero_planta)
VALUES (3, 9);
INSERT INTO cama (numero_cama, numero_planta)
VALUES (4, 9);


INSERT INTO cama (numero_cama, numero_planta)
VALUES (1, 10);
INSERT INTO cama (numero_cama, numero_planta)
VALUES (2, 10);
INSERT INTO cama (numero_cama, numero_planta)
VALUES (3, 10);
INSERT INTO cama (numero_cama, numero_planta)
VALUES (4, 10);
COMMIT;

SELECT * FROM CAMA;




INSERT INTO medico (codigo_medico, primer_nombre, segundo_nombre, tercer_nombre, primer_apellido, segundo_apellido, direccion, codigo_municipio)
VALUES ('M001', 'Juan', 'Carlos', NULL, 'Pérez', 'Rodríguez', 'Calle 10 No. 25, Zona 1', '0101');

INSERT INTO medico (codigo_medico, primer_nombre, segundo_nombre, tercer_nombre, primer_apellido, segundo_apellido, direccion, codigo_municipio)
VALUES ('M002', 'María', 'José', NULL, 'López', 'García', 'Avenida Central 34, Zona 2', '0101');
INSERT INTO medico (codigo_medico, primer_nombre, segundo_nombre, tercer_nombre, primer_apellido, segundo_apellido, direccion, codigo_municipio)
VALUES ('M003', 'Pedro', 'Antonio', NULL, 'Gómez', 'Martínez', 'Calle Primavera 56, Zona 3', '0102');

INSERT INTO medico (codigo_medico, primer_nombre, segundo_nombre, tercer_nombre, primer_apellido, segundo_apellido, direccion, codigo_municipio)
VALUES ('M004', 'Ana', 'Lucía', NULL, 'Hernández', 'Jiménez', 'Avenida Norte 17, Zona 4', '0102');

INSERT INTO medico (codigo_medico, primer_nombre, segundo_nombre, tercer_nombre, primer_apellido, segundo_apellido, direccion, codigo_municipio)
VALUES ('M005', 'Jorge', 'Luis', NULL, 'Ramírez', 'Vargas', 'Boulevard Vista Hermosa 78, Zona 5', '0102');

INSERT INTO medico (codigo_medico, primer_nombre, segundo_nombre, tercer_nombre, primer_apellido, segundo_apellido, direccion, codigo_municipio)
VALUES ('M006', 'Carolina', 'Sofía', NULL, 'Torres', 'González', 'Calle San Martín 23, Zona 6', '0103');

INSERT INTO medico (codigo_medico, primer_nombre, segundo_nombre, tercer_nombre, primer_apellido, segundo_apellido, direccion, codigo_municipio)
VALUES ('M007', 'Alberto', NULL, NULL, 'Flores', 'Ortiz', 'Carrera Sur 12, Zona 7', '0103');

-- Médicos del Municipio 104
INSERT INTO medico (codigo_medico, primer_nombre, segundo_nombre, tercer_nombre, primer_apellido, segundo_apellido, direccion, codigo_municipio)
VALUES ('M008', 'Laura', 'Patricia', NULL, 'Morales', 'Gutiérrez', 'Avenida Los Andes 45, Zona 8', '0104');

INSERT INTO medico (codigo_medico, primer_nombre, segundo_nombre, tercer_nombre, primer_apellido, segundo_apellido, direccion, codigo_municipio)
VALUES ('M009', 'Fernando', 'Enrique', NULL, 'Castillo', 'Ruiz', 'Calle Nueva 90, Zona 9', '0104');


INSERT INTO medico (codigo_medico, primer_nombre, segundo_nombre, tercer_nombre, primer_apellido, segundo_apellido, direccion, codigo_municipio)
VALUES ('M010', 'Lucía', 'Beatriz', NULL, 'Santos', 'Moreno', 'Calle de las Flores 11, Zona 10', '0105');

INSERT INTO medico (codigo_medico, primer_nombre, segundo_nombre, tercer_nombre, primer_apellido, segundo_apellido, direccion, codigo_municipio)
VALUES ('M011', 'Rodrigo', NULL, NULL, 'Rivera', 'Vega', 'Avenida del Sol 22, Zona 11', '0105');

INSERT INTO medico (codigo_medico, primer_nombre, segundo_nombre, tercer_nombre, primer_apellido, segundo_apellido, direccion, codigo_municipio)
VALUES ('M012', 'Marta', 'Teresa', NULL, 'Bermúdez', 'Pineda', 'Carrera del Lago 34, Zona 12', '0106');

INSERT INTO medico (codigo_medico, primer_nombre, segundo_nombre, tercer_nombre, primer_apellido, segundo_apellido, direccion, codigo_municipio)
VALUES ('M013', 'Julio', 'César', NULL, 'Pérez', 'Morales', 'Calle Real 89, Zona 13', '0106');

INSERT INTO medico (codigo_medico, primer_nombre, segundo_nombre, tercer_nombre, primer_apellido, segundo_apellido, direccion, codigo_municipio)
VALUES ('M014', 'Rosa', 'María', NULL, 'Cruz', 'Romero', 'Boulevard Central 13, Zona 14', '2107');

INSERT INTO medico (codigo_medico, primer_nombre, segundo_nombre, tercer_nombre, primer_apellido, segundo_apellido, direccion, codigo_municipio)
VALUES ('M015', 'Esteban', 'Gabriel', NULL, 'Serrano', 'Vargas', 'Calle de los Robles 67, Zona 15', '0107');
Commit;




INSERT INTO paciente (codigo_paciente, numero_ss, dpi, primer_nombre, segundo_nombre, tercer_nombre, primer_apellido, segundo_apellido, fecha_nacimiento, codigo_municipio)
VALUES ('P001', 1234567890, 1234567890123, 'Carlos', 'Alberto', NULL, 'Gómez', 'Pérez', TO_DATE('1980-05-15', 'YYYY-MM-DD'), '0101');

INSERT INTO paciente (codigo_paciente, numero_ss, dpi, primer_nombre, segundo_nombre, tercer_nombre, primer_apellido, segundo_apellido, fecha_nacimiento, codigo_municipio)
VALUES ('P002', 9876543210, 9876543210123, 'Ana', 'María', NULL, 'López', 'García', TO_DATE('1992-09-23', 'YYYY-MM-DD'), '0101');

INSERT INTO paciente (codigo_paciente, numero_ss, dpi, primer_nombre, segundo_nombre, tercer_nombre, primer_apellido, segundo_apellido, fecha_nacimiento, codigo_municipio)
VALUES ('P003', 4567890123, 4567890123456, 'Luis', 'Fernando', NULL, 'Rodríguez', 'Hernández', TO_DATE('1975-12-01', 'YYYY-MM-DD'), '0102');

INSERT INTO paciente (codigo_paciente, numero_ss, dpi, primer_nombre, segundo_nombre, tercer_nombre, primer_apellido, segundo_apellido, fecha_nacimiento, codigo_municipio)
VALUES ('P004', 6543210987, 6543210987654, 'María', 'José', NULL, 'Martínez', 'Ramírez', TO_DATE('1987-06-17', 'YYYY-MM-DD'), '0102');

INSERT INTO paciente (codigo_paciente, numero_ss, dpi, primer_nombre, segundo_nombre, tercer_nombre, primer_apellido, segundo_apellido, fecha_nacimiento, codigo_municipio)
VALUES ('P005', 1112233445, 1122334455667, 'José', 'Manuel', NULL, 'Sánchez', 'Vargas', TO_DATE('1995-02-14', 'YYYY-MM-DD'), '0103');

INSERT INTO paciente (codigo_paciente, numero_ss, dpi, primer_nombre, segundo_nombre, tercer_nombre, primer_apellido, segundo_apellido, fecha_nacimiento, codigo_municipio)
VALUES ('P006', 9988776655, 9988776655123, 'Laura', 'Patricia', NULL, 'González', 'Torres', TO_DATE('1978-11-22', 'YYYY-MM-DD'), '0103');


INSERT INTO paciente (codigo_paciente, numero_ss, dpi, primer_nombre, segundo_nombre, tercer_nombre, primer_apellido, segundo_apellido, fecha_nacimiento, codigo_municipio)
VALUES ('P007', 3334445556, 3344556677889, 'Miguel', 'Ángel', NULL, 'Morales', 'Castillo', TO_DATE('1965-08-19', 'YYYY-MM-DD'), '0104');

INSERT INTO paciente (codigo_paciente, numero_ss, dpi, primer_nombre, segundo_nombre, tercer_nombre, primer_apellido, segundo_apellido, fecha_nacimiento, codigo_municipio)
VALUES ('P008', 1122334455, 1234567890124, 'Verónica', 'Lucía', NULL, 'Jiménez', 'Gutiérrez', TO_DATE('1990-10-05', 'YYYY-MM-DD'), '0104');


INSERT INTO paciente (codigo_paciente, numero_ss, dpi, primer_nombre, segundo_nombre, tercer_nombre, primer_apellido, segundo_apellido, fecha_nacimiento, codigo_municipio)
VALUES ('P009', 8877665544, 9988776655998, 'Rodrigo', 'Alberto', NULL, 'Rivas', 'Ortega', TO_DATE('1982-07-30', 'YYYY-MM-DD'), '0105');

INSERT INTO paciente (codigo_paciente, numero_ss, dpi, primer_nombre, segundo_nombre, tercer_nombre, primer_apellido, segundo_apellido, fecha_nacimiento, codigo_municipio)
VALUES ('P010', 5566778899, 1234543212345, 'Claudia', 'Beatriz', NULL, 'Mendoza', 'Rivera', TO_DATE('1993-03-21', 'YYYY-MM-DD'), '0105');

INSERT INTO paciente (codigo_paciente, numero_ss, dpi, primer_nombre, segundo_nombre, tercer_nombre, primer_apellido, segundo_apellido, fecha_nacimiento, codigo_municipio)
VALUES ('P011', 7788996655, 7766554433221, 'David', 'Francisco', NULL, 'Santos', 'García', TO_DATE('1979-04-12', 'YYYY-MM-DD'), '0106');

INSERT INTO paciente (codigo_paciente, numero_ss, dpi, primer_nombre, segundo_nombre, tercer_nombre, primer_apellido, segundo_apellido, fecha_nacimiento, codigo_municipio)
VALUES ('P012', 6655443322, 6655443322110, 'Susana', 'Isabel', NULL, 'Cruz', 'Pérez', TO_DATE('1985-01-09', 'YYYY-MM-DD'), '0106');


INSERT INTO paciente (codigo_paciente, numero_ss, dpi, primer_nombre, segundo_nombre, tercer_nombre, primer_apellido, segundo_apellido, fecha_nacimiento, codigo_municipio)
VALUES ('P013', 1122112233, 4455667788991, 'Felipe', 'Gabriel', NULL, 'Navarro', 'Romero', TO_DATE('1994-12-25', 'YYYY-MM-DD'), '0107');

INSERT INTO paciente (codigo_paciente, numero_ss, dpi, primer_nombre, segundo_nombre, tercer_nombre, primer_apellido, segundo_apellido, fecha_nacimiento, codigo_municipio)
VALUES ('P014', 2233445566, 6677889900112, 'Isabel', 'María', NULL, 'Bermúdez', 'Flores', TO_DATE('1983-11-05', 'YYYY-MM-DD'), '0107');


INSERT INTO paciente (codigo_paciente, numero_ss, dpi, primer_nombre, segundo_nombre, tercer_nombre, primer_apellido, segundo_apellido, fecha_nacimiento, codigo_municipio)
VALUES ('P015', 8899776655, 6655443322119, 'Renato', 'José', NULL, 'Ruiz', 'Serrano', TO_DATE('1998-06-18', 'YYYY-MM-DD'), '0108');
COMMIT;


INSERT INTO diagnostico_paciente (id_diagnostico, fecha_diagnostico, codigo_paciente, codigo_diagnostico)
VALUES ('DP001', TO_DATE('2024-01-15', 'YYYY-MM-DD'), 'P001', 'D001');

INSERT INTO diagnostico_paciente (id_diagnostico, fecha_diagnostico, codigo_paciente, codigo_diagnostico)
VALUES ('DP002', TO_DATE('2024-03-10', 'YYYY-MM-DD'), 'P002', 'D002');

INSERT INTO diagnostico_paciente (id_diagnostico, fecha_diagnostico, codigo_paciente, codigo_diagnostico)
VALUES ('DP003', TO_DATE('2024-02-05', 'YYYY-MM-DD'), 'P003', 'D003');

INSERT INTO diagnostico_paciente (id_diagnostico, fecha_diagnostico, codigo_paciente, codigo_diagnostico)
VALUES ('DP004', TO_DATE('2024-04-12', 'YYYY-MM-DD'), 'P004', 'D004');

INSERT INTO diagnostico_paciente (id_diagnostico, fecha_diagnostico, codigo_paciente, codigo_diagnostico)
VALUES ('DP005', TO_DATE('2024-05-18', 'YYYY-MM-DD'), 'P005', 'D005');

INSERT INTO diagnostico_paciente (id_diagnostico, fecha_diagnostico, codigo_paciente, codigo_diagnostico)
VALUES ('DP006', TO_DATE('2024-01-22', 'YYYY-MM-DD'), 'P006', 'D006');

INSERT INTO diagnostico_paciente (id_diagnostico, fecha_diagnostico, codigo_paciente, codigo_diagnostico)
VALUES ('DP007', TO_DATE('2024-06-03', 'YYYY-MM-DD'), 'P007', 'D007');

INSERT INTO diagnostico_paciente (id_diagnostico, fecha_diagnostico, codigo_paciente, codigo_diagnostico)
VALUES ('DP008', TO_DATE('2024-07-10', 'YYYY-MM-DD'), 'P008', 'D008');

INSERT INTO diagnostico_paciente (id_diagnostico, fecha_diagnostico, codigo_paciente, codigo_diagnostico)
VALUES ('DP009', TO_DATE('2024-03-22', 'YYYY-MM-DD'), 'P009', 'D009');

INSERT INTO diagnostico_paciente (id_diagnostico, fecha_diagnostico, codigo_paciente, codigo_diagnostico)
VALUES ('DP010', TO_DATE('2024-02-28', 'YYYY-MM-DD'), 'P010', 'D010');

INSERT INTO diagnostico_paciente (id_diagnostico, fecha_diagnostico, codigo_paciente, codigo_diagnostico)
VALUES ('DP011', TO_DATE('2024-05-05', 'YYYY-MM-DD'), 'P011', 'D001');

INSERT INTO diagnostico_paciente (id_diagnostico, fecha_diagnostico, codigo_paciente, codigo_diagnostico)
VALUES ('DP012', TO_DATE('2024-04-20', 'YYYY-MM-DD'), 'P012', 'D002');

INSERT INTO diagnostico_paciente (id_diagnostico, fecha_diagnostico, codigo_paciente, codigo_diagnostico)
VALUES ('DP013', TO_DATE('2024-01-30', 'YYYY-MM-DD'), 'P013', 'D001');

INSERT INTO diagnostico_paciente (id_diagnostico, fecha_diagnostico, codigo_paciente, codigo_diagnostico)
VALUES ('DP014', TO_DATE('2024-06-15', 'YYYY-MM-DD'), 'P014', 'D001');

INSERT INTO diagnostico_paciente (id_diagnostico, fecha_diagnostico, codigo_paciente, codigo_diagnostico)
VALUES ('DP015', TO_DATE('2024-07-22', 'YYYY-MM-DD'), 'P015', 'D002');
COMMIT;

Select * from diagnostico_paciente;

-- Diagnósticos realizados por médicos

INSERT INTO medico_diagnostico (id_diagnostico, fecha_diagnostico, codigo_medico, codigo_diagnostico)
VALUES ('MD001', TO_DATE('15/01/2024', 'DD/MM/YYYY'), 'M001', 'D001');

INSERT INTO medico_diagnostico (id_diagnostico, fecha_diagnostico, codigo_medico, codigo_diagnostico)
VALUES ('MD002', TO_DATE('10/02/2024', 'DD/MM/YYYY'), 'M002', 'D002');

INSERT INTO medico_diagnostico (id_diagnostico, fecha_diagnostico, codigo_medico, codigo_diagnostico)
VALUES ('MD003', TO_DATE('12/03/2024', 'DD/MM/YYYY'), 'M003', 'D003');

INSERT INTO medico_diagnostico (id_diagnostico, fecha_diagnostico, codigo_medico, codigo_diagnostico)
VALUES ('MD004', TO_DATE('18/03/2024', 'DD/MM/YYYY'), 'M004', 'D004');

INSERT INTO medico_diagnostico (id_diagnostico, fecha_diagnostico, codigo_medico, codigo_diagnostico)
VALUES ('MD005', TO_DATE('07/04/2024', 'DD/MM/YYYY'), 'M005', 'D005');

INSERT INTO medico_diagnostico (id_diagnostico, fecha_diagnostico, codigo_medico, codigo_diagnostico)
VALUES ('MD006', TO_DATE('22/04/2024', 'DD/MM/YYYY'), 'M006', 'D006');

INSERT INTO medico_diagnostico (id_diagnostico, fecha_diagnostico, codigo_medico, codigo_diagnostico)
VALUES ('MD007', TO_DATE('01/05/2024', 'DD/MM/YYYY'), 'M007', 'D007');

INSERT INTO medico_diagnostico (id_diagnostico, fecha_diagnostico, codigo_medico, codigo_diagnostico)
VALUES ('MD008', TO_DATE('05/06/2024', 'DD/MM/YYYY'), 'M008', 'D001');

INSERT INTO medico_diagnostico (id_diagnostico, fecha_diagnostico, codigo_medico, codigo_diagnostico)
VALUES ('MD009', TO_DATE('12/06/2024', 'DD/MM/YYYY'), 'M009', 'D009');

INSERT INTO medico_diagnostico (id_diagnostico, fecha_diagnostico, codigo_medico, codigo_diagnostico)
VALUES ('MD010', TO_DATE('03/07/2024', 'DD/MM/YYYY'), 'M010', 'D010');

-- Repetición de médicos con otros diagnósticos
INSERT INTO medico_diagnostico (id_diagnostico, fecha_diagnostico, codigo_medico, codigo_diagnostico)
VALUES ('MD011', TO_DATE('25/05/2024', 'DD/MM/YYYY'), 'M001', 'D002');

INSERT INTO medico_diagnostico (id_diagnostico, fecha_diagnostico, codigo_medico, codigo_diagnostico)
VALUES ('MD012', TO_DATE('14/04/2024', 'DD/MM/YYYY'), 'M002', 'D001');

INSERT INTO medico_diagnostico (id_diagnostico, fecha_diagnostico, codigo_medico, codigo_diagnostico)
VALUES ('MD013', TO_DATE('09/03/2024', 'DD/MM/YYYY'), 'M003', 'D002');

INSERT INTO medico_diagnostico (id_diagnostico, fecha_diagnostico, codigo_medico, codigo_diagnostico)
VALUES ('MD014', TO_DATE('11/05/2024', 'DD/MM/YYYY'), 'M004', 'D007');

INSERT INTO medico_diagnostico (id_diagnostico, fecha_diagnostico, codigo_medico, codigo_diagnostico)
VALUES ('MD015', TO_DATE('20/07/2024', 'DD/MM/YYYY'), 'M005', 'D001');
COMMIT;

-- Teléfonos de médicos

INSERT INTO telefono_medico (codigo_telefono, prefijo, numero, codigo_medico)
VALUES ('T001', '502', '555123456', 'M001');

INSERT INTO telefono_medico (codigo_telefono, prefijo, numero, codigo_medico)
VALUES ('T002', '502', '555987654', 'M002');

INSERT INTO telefono_medico (codigo_telefono, prefijo, numero, codigo_medico)
VALUES ('T003', '502', '555654321', 'M003');

INSERT INTO telefono_medico (codigo_telefono, prefijo, numero, codigo_medico)
VALUES ('T004', '502', '555456789', 'M004');

INSERT INTO telefono_medico (codigo_telefono, prefijo, numero, codigo_medico)
VALUES ('T005', '502', '555789123', 'M005');

INSERT INTO telefono_medico (codigo_telefono, prefijo, numero, codigo_medico)
VALUES ('T006', '502', '555321654', 'M006');

INSERT INTO telefono_medico (codigo_telefono, prefijo, numero, codigo_medico)
VALUES ('T007', '502', '555987321', 'M007');

INSERT INTO telefono_medico (codigo_telefono, prefijo, numero, codigo_medico)
VALUES ('T008', '502', '555123789', 'M008');

INSERT INTO telefono_medico (codigo_telefono, prefijo, numero, codigo_medico)
VALUES ('T009', '502', '555654987', 'M009');

INSERT INTO telefono_medico (codigo_telefono, prefijo, numero, codigo_medico)
VALUES ('T010', '502', '555789654', 'M010');

INSERT INTO telefono_medico (codigo_telefono, prefijo, numero, codigo_medico)
VALUES ('T011', '502', '555987456', 'M001');

INSERT INTO telefono_medico (codigo_telefono, prefijo, numero, codigo_medico)
VALUES ('T012', '502', '555321987', 'M002');

INSERT INTO telefono_medico (codigo_telefono, prefijo, numero, codigo_medico)
VALUES ('T013', '502', '555456123', 'M003');

INSERT INTO telefono_medico (codigo_telefono, prefijo, numero, codigo_medico)
VALUES ('T014', '502', '555789321', 'M004');

INSERT INTO telefono_medico (codigo_telefono, prefijo, numero, codigo_medico)
VALUES ('T015', '502', '555654123', 'M005');
COMMIT;



INSERT INTO correo_electronico (codigo_correo, correo, codigo_medico)
VALUES ('C001', 'medico1@gmail.com', 'M001');

INSERT INTO correo_electronico (codigo_correo, correo, codigo_medico)
VALUES ('C002', 'medico2@yahoo.com', 'M002');

INSERT INTO correo_electronico (codigo_correo, correo, codigo_medico)
VALUES ('C003', 'medico3@outlook.com', 'M003');

INSERT INTO correo_electronico (codigo_correo, correo, codigo_medico)
VALUES ('C004', 'medico4@hotmail.com', 'M004');

INSERT INTO correo_electronico (codigo_correo, correo, codigo_medico)
VALUES ('C005', 'medico5@icloud.com', 'M005');

INSERT INTO correo_electronico (codigo_correo, correo, codigo_medico)
VALUES ('C006', 'medico6@gmail.com', 'M006');

INSERT INTO correo_electronico (codigo_correo, correo, codigo_medico)
VALUES ('C007', 'medico7@yahoo.com', 'M007');

INSERT INTO correo_electronico (codigo_correo, correo, codigo_medico)
VALUES ('C008', 'medico8@outlook.com', 'M008');

INSERT INTO correo_electronico (codigo_correo, correo, codigo_medico)
VALUES ('C009', 'medico9@hotmail.com', 'M009');

INSERT INTO correo_electronico (codigo_correo, correo, codigo_medico)
VALUES ('C010', 'medico10@gmail.com', 'M010');


INSERT INTO correo_electronico (codigo_correo, correo, codigo_medico)
VALUES ('C011', 'doctor.m001@gmail.com', 'M001');

INSERT INTO correo_electronico (codigo_correo, correo, codigo_medico)
VALUES ('C012', 'medico.prof2@yahoo.com', 'M002');

INSERT INTO correo_electronico (codigo_correo, correo, codigo_medico)
VALUES ('C013', 'm3_specialist@outlook.com', 'M003');

INSERT INTO correo_electronico (codigo_correo, correo, codigo_medico)
VALUES ('C014', 'medico_4@hotmail.com', 'M004');

INSERT INTO correo_electronico (codigo_correo, correo, codigo_medico)
VALUES ('C015', 'contact.m5@icloud.com', 'M005');






INSERT INTO correo_electronico (codigo_correo, correo, codigo_medico)
VALUES ('C001', 'juan.perez@gmail.com', 'M001');

INSERT INTO correo_electronico (codigo_correo, correo, codigo_medico)
VALUES ('C002', 'maria.lopez@hotmail.com', 'M002');

INSERT INTO correo_electronico (codigo_correo, correo, codigo_medico)
VALUES ('C003', 'carlos.martinez@icloud.com', 'M003');

INSERT INTO correo_electronico (codigo_correo, correo, codigo_medico)
VALUES ('C004', 'ana.fernandez@gmail.com', 'M004');

INSERT INTO correo_electronico (codigo_correo, correo, codigo_medico)
VALUES ('C005', 'jose.gonzalez@hotmail.com', 'M005');

INSERT INTO correo_electronico (codigo_correo, correo, codigo_medico)
VALUES ('C006', 'laura.rodriguez@icloud.com', 'M006');

INSERT INTO correo_electronico (codigo_correo, correo, codigo_medico)
VALUES ('C007', 'pedro.ramirez@gmail.com', 'M007');

INSERT INTO correo_electronico (codigo_correo, correo, codigo_medico)
VALUES ('C008', 'sofia.sanchez@hotmail.com', 'M008');

INSERT INTO correo_electronico (codigo_correo, correo, codigo_medico)
VALUES ('C009', 'diego.morales@icloud.com', 'M009');

INSERT INTO correo_electronico (codigo_correo, correo, codigo_medico)
VALUES ('C010', 'luz.dominguez@gmail.com', 'M010');

INSERT INTO correo_electronico (codigo_correo, correo, codigo_medico)
VALUES ('C011', 'juan.perez_alt@icloud.com', 'M011');

INSERT INTO correo_electronico (codigo_correo, correo, codigo_medico)
VALUES ('C012', 'maria.lopez_alt@hotmail.com', 'M012');

INSERT INTO correo_electronico (codigo_correo, correo, codigo_medico)
VALUES ('C013', 'carlos.martinez_alt@gmail.com', 'M013');

INSERT INTO correo_electronico (codigo_correo, correo, codigo_medico)
VALUES ('C014', 'ana.fernandez_alt@icloud.com', 'M014');

INSERT INTO correo_electronico (codigo_correo, correo, codigo_medico)
VALUES ('C015', 'jose.gonzalez_alt@gmail.com', 'M015');
COMMIT;




INSERT INTO tarjeta_visita (numero_tarjeta, hora_inicio, hora_fin, codigo_paciente)
VALUES (1001, '08:00 AM', '09:00 AM', 'P001');

INSERT INTO tarjeta_visita (numero_tarjeta, hora_inicio, hora_fin, codigo_paciente)
VALUES (1002, '10:00 AM', '11:00 AM', 'P001');

INSERT INTO tarjeta_visita (numero_tarjeta, hora_inicio, hora_fin, codigo_paciente)
VALUES (1003, '02:00 PM', '03:00 PM', 'P001');

INSERT INTO tarjeta_visita (numero_tarjeta, hora_inicio, hora_fin, codigo_paciente)
VALUES (1004, '04:00 PM', '05:00 PM', 'P001');

INSERT INTO tarjeta_visita (numero_tarjeta, hora_inicio, hora_fin, codigo_paciente)
VALUES (1005, '09:00 AM', '10:00 AM', 'P002');

INSERT INTO tarjeta_visita (numero_tarjeta, hora_inicio, hora_fin, codigo_paciente)
VALUES (1006, '11:00 AM', '12:00 PM', 'P002');

INSERT INTO tarjeta_visita (numero_tarjeta, hora_inicio, hora_fin, codigo_paciente)
VALUES (1007, '03:00 PM', '04:00 PM', 'P002');

INSERT INTO tarjeta_visita (numero_tarjeta, hora_inicio, hora_fin, codigo_paciente)
VALUES (1008, '05:00 PM', '06:00 PM', 'P002');

INSERT INTO tarjeta_visita (numero_tarjeta, hora_inicio, hora_fin, codigo_paciente)
VALUES (1009, '08:30 AM', '09:30 AM', 'P003');

INSERT INTO tarjeta_visita (numero_tarjeta, hora_inicio, hora_fin, codigo_paciente)
VALUES (1010, '10:30 AM', '11:30 AM', 'P003');

INSERT INTO tarjeta_visita (numero_tarjeta, hora_inicio, hora_fin, codigo_paciente)
VALUES (1011, '01:30 PM', '02:30 PM', 'P003');

INSERT INTO tarjeta_visita (numero_tarjeta, hora_inicio, hora_fin, codigo_paciente)
VALUES (1012, '03:30 PM', '04:30 PM', 'P003');

INSERT INTO tarjeta_visita (numero_tarjeta, hora_inicio, hora_fin, codigo_paciente)
VALUES (1013, '09:00 AM', '10:00 AM', 'P004');

INSERT INTO tarjeta_visita (numero_tarjeta, hora_inicio, hora_fin, codigo_paciente)
VALUES (1014, '11:00 AM', '12:00 PM', 'P004');

INSERT INTO tarjeta_visita (numero_tarjeta, hora_inicio, hora_fin, codigo_paciente)
VALUES (1015, '02:00 PM', '03:00 PM', 'P004');
COMMIT;



INSERT INTO asignacion (codigo_asignacion, fecha_asignacion, codigo_paciente, numero_planta, numero_cama)
VALUES ('A001', TO_DATE('23/09/2024', 'DD/MM/YYYY'), 'P001', 1, 1);

INSERT INTO asignacion (codigo_asignacion, fecha_asignacion, codigo_paciente, numero_planta, numero_cama)
VALUES ('A002', TO_DATE('23/09/2024', 'DD/MM/YYYY'), 'P002', 1, 2);

INSERT INTO asignacion (codigo_asignacion, fecha_asignacion, codigo_paciente, numero_planta, numero_cama)
VALUES ('A003', TO_DATE('24/09/2024', 'DD/MM/YYYY'), 'P003', 2, 1);

INSERT INTO asignacion (codigo_asignacion, fecha_asignacion, codigo_paciente, numero_planta, numero_cama)
VALUES ('A004', TO_DATE('24/09/2024', 'DD/MM/YYYY'), 'P007', 2, 2);

INSERT INTO asignacion (codigo_asignacion, fecha_asignacion, codigo_paciente, numero_planta, numero_cama)
VALUES ('A005', TO_DATE('25/09/2024', 'DD/MM/YYYY'), 'P001', 1, 3);

INSERT INTO asignacion (codigo_asignacion, fecha_asignacion, codigo_paciente, numero_planta, numero_cama)
VALUES ('A006', TO_DATE('25/09/2024', 'DD/MM/YYYY'), 'P002', 1, 4);

INSERT INTO asignacion (codigo_asignacion, fecha_asignacion, codigo_paciente, numero_planta, numero_cama)
VALUES ('A007', TO_DATE('26/09/2024', 'DD/MM/YYYY'), 'P014', 2, 3);

INSERT INTO asignacion (codigo_asignacion, fecha_asignacion, codigo_paciente, numero_planta, numero_cama)
VALUES ('A008', TO_DATE('26/09/2024', 'DD/MM/YYYY'), 'P004', 2, 4);

INSERT INTO asignacion (codigo_asignacion, fecha_asignacion, codigo_paciente, numero_planta, numero_cama)
VALUES ('A009', TO_DATE('27/09/2024', 'DD/MM/YYYY'), 'P001', 3, 6);

INSERT INTO asignacion (codigo_asignacion, fecha_asignacion, codigo_paciente, numero_planta, numero_cama)
VALUES ('A010', TO_DATE('27/09/2024', 'DD/MM/YYYY'), 'P015', 3, 5);

INSERT INTO asignacion (codigo_asignacion, fecha_asignacion, codigo_paciente, numero_planta, numero_cama)
VALUES ('A011', TO_DATE('28/09/2024', 'DD/MM/YYYY'), 'P003', 3, 2);

INSERT INTO asignacion (codigo_asignacion, fecha_asignacion, codigo_paciente, numero_planta, numero_cama)
VALUES ('A012', TO_DATE('28/09/2024', 'DD/MM/YYYY'), 'P011', 2, 2);

INSERT INTO asignacion (codigo_asignacion, fecha_asignacion, codigo_paciente, numero_planta, numero_cama)
VALUES ('A013', TO_DATE('29/09/2024', 'DD/MM/YYYY'), 'P001', 2, 1);

INSERT INTO asignacion (codigo_asignacion, fecha_asignacion, codigo_paciente, numero_planta, numero_cama)
VALUES ('A014', TO_DATE('29/09/2024', 'DD/MM/YYYY'), 'P009', 3, 2);

INSERT INTO asignacion (codigo_asignacion, fecha_asignacion, codigo_paciente, numero_planta, numero_cama)
VALUES ('A015', TO_DATE('30/09/2024', 'DD/MM/YYYY'), 'P008', 3, 2);
Commit;

select * from asignacion;

-- Atenciones médicas

INSERT INTO atencion_medica (numero_atencion, fecha_atencion, hora_atencion, paciente_codigo_paciente, codigo_medico)
VALUES ('A001', TO_DATE('23/09/2024', 'DD/MM/YYYY'), '08:30 AM', 'P001', 'M001');

INSERT INTO atencion_medica (numero_atencion, fecha_atencion, hora_atencion, paciente_codigo_paciente, codigo_medico)
VALUES ('A002', TO_DATE('23/09/2024', 'DD/MM/YYYY'), '09:00 AM', 'P002', 'M002');

INSERT INTO atencion_medica (numero_atencion, fecha_atencion, hora_atencion, paciente_codigo_paciente, codigo_medico)
VALUES ('A003', TO_DATE('24/09/2024', 'DD/MM/YYYY'), '10:00 AM', 'P003', 'M003');

INSERT INTO atencion_medica (numero_atencion, fecha_atencion, hora_atencion, paciente_codigo_paciente, codigo_medico)
VALUES ('A004', TO_DATE('24/09/2024', 'DD/MM/YYYY'), '11:00 AM', 'P004', 'M004');

INSERT INTO atencion_medica (numero_atencion, fecha_atencion, hora_atencion, paciente_codigo_paciente, codigo_medico)
VALUES ('A005', TO_DATE('25/09/2024', 'DD/MM/YYYY'), '01:30 PM', 'P001', 'M001');

INSERT INTO atencion_medica (numero_atencion, fecha_atencion, hora_atencion, paciente_codigo_paciente, codigo_medico)
VALUES ('A006', TO_DATE('25/09/2024', 'DD/MM/YYYY'), '02:00 PM', 'P015', 'M002');

INSERT INTO atencion_medica (numero_atencion, fecha_atencion, hora_atencion, paciente_codigo_paciente, codigo_medico)
VALUES ('A007', TO_DATE('26/09/2024', 'DD/MM/YYYY'), '03:00 PM', 'P003', 'M008');

INSERT INTO atencion_medica (numero_atencion, fecha_atencion, hora_atencion, paciente_codigo_paciente, codigo_medico)
VALUES ('A008', TO_DATE('26/09/2024', 'DD/MM/YYYY'), '04:00 PM', 'P004', 'M009');

INSERT INTO atencion_medica (numero_atencion, fecha_atencion, hora_atencion, paciente_codigo_paciente, codigo_medico)
VALUES ('A009', TO_DATE('27/09/2024', 'DD/MM/YYYY'), '08:00 AM', 'P001', 'M001');

INSERT INTO atencion_medica (numero_atencion, fecha_atencion, hora_atencion, paciente_codigo_paciente, codigo_medico)
VALUES ('A010', TO_DATE('27/09/2024', 'DD/MM/YYYY'), '09:30 AM', 'P010', 'M002');

INSERT INTO atencion_medica (numero_atencion, fecha_atencion, hora_atencion, paciente_codigo_paciente, codigo_medico)
VALUES ('A011', TO_DATE('28/09/2024', 'DD/MM/YYYY'), '10:30 AM', 'P003', 'M003');

INSERT INTO atencion_medica (numero_atencion, fecha_atencion, hora_atencion, paciente_codigo_paciente, codigo_medico)
VALUES ('A012', TO_DATE('28/09/2024', 'DD/MM/YYYY'), '11:30 AM', 'P009', 'M015');

INSERT INTO atencion_medica (numero_atencion, fecha_atencion, hora_atencion, paciente_codigo_paciente, codigo_medico)
VALUES ('A013', TO_DATE('29/09/2024', 'DD/MM/YYYY'), '01:00 PM', 'P001', 'M001');

INSERT INTO atencion_medica (numero_atencion, fecha_atencion, hora_atencion, paciente_codigo_paciente, codigo_medico)
VALUES ('A014', TO_DATE('29/09/2024', 'DD/MM/YYYY'), '02:30 PM', 'P008', 'M002');

INSERT INTO atencion_medica (numero_atencion, fecha_atencion, hora_atencion, paciente_codigo_paciente, codigo_medico)
VALUES ('A015', TO_DATE('30/09/2024', 'DD/MM/YYYY'), '03:30 PM', 'P006', 'M003');
Commit;


SELECT * FROM ATENCION_MEDICA;
 
SELECT P.NUMERO_SS AS SEGUROSOCIAL, P.PRIMER_NOMBRE, DP.FECHA_DIAGNOSTICO FROM PACIENTE P JOIN DIAGNOSTICO_PACIENTE DP ON P.CODIGO_PACIENTE = DP.CODIGO_PACIENTE WHERE DP.FECHA_DIAGNOSTICO NOT IN ('01-JUN-2024', '31-JUL-2024'); 
SELECT P.PRIMER_NOMBRE AS NOMBRE, DI.FECHA_DIAGNOSTICO, D.DESCRIPCION FROM PACIENTE P, DIAGNOSTICO_PACIENTE DI, DIAGNOSTICO D WHERE P.CODIGO_PACIENTE = DI.CODIGO_PACIENTE AND DI.CODIGO_DIAGNOSTICO = D.CODIGO_DIAGNOSTICO  AND D.CODIGO_DIAGNOSTICO IN ('D001', 'D002');

SELECT P.DPI, P.PRIMER_NOMBRE AS NOMBRE, P.PRIMER_APELLIDO AS APELLIDO, A.FECHA_ASIGNACION, A.NUMERO_CAMA, A.NUMERO_PLANTA FROM PACIENTE P JOIN ASIGNACION A ON P.CODIGO_PACIENTE = A.CODIGO_PACIENTE; 
SELECT M.PRIMER_NOMBRE AS NOMBRE, M.PRIMER_APELLIDO AS APELLIDO, AM.NUMERO_ATENCION AS NUMERO, AM.FECHA_ATENCION AS FECHA, P.CODIGO_PACIENTE AS CODIGO, P.PRIMER_NOMBRE AS NOMBRE, P.PRIMER_APELLIDO AS APELLIDO FROM PACIENTE P, MEDICO M, ATENCION_MEDICA AM WHERE P.CODIGO_PACIENTE = AM.PACIENTE_CODIGO_PACIENTE AND M.CODIGO_MEDICO = AM.CODIGO_MEDICO ORDER BY AM.NUMERO_ATENCION;
SELECT MD.FECHA_DIAGNOSTICO, M.CODIGO_MEDICO, M.PRIMER_NOMBRE, D.DESCRIPCION FROM MEDICO M, MEDICO_DIAGNOSTICO MD, DIAGNOSTICO D WHERE M.CODIGO_MEDICO = MD.CODIGO_MEDICO AND D.CODIGO_DIAGNOSTICO = MD.CODIGO_DIAGNOSTICO ORDER BY M.PRIMER_NOMBRE;


SELECT * FROM MEDICO WHERE CODIGO_MUNICIPIO NOT IN ('0101');


SELECT CODIGO_PACIENTE AS PACIENTE, PRIMER_NOMBRE AS NOMBRE, PRIMER_APELLIDO AS APELLIDO, FECHA_NACIMIENTO FROM PACIENTE;

SELECT * FROM CAMA;



SELECT P.NUMERO_SS AS SEGUROSOCIAL, P.PRIMER_NOMBRE, DP.FECHA_DIAGNOSTICO 
FROM PACIENTE P JOIN DIAGNOSTICO_PACIENTE DP ON P.CODIGO_PACIENTE = DP.CODIGO_PACIENTE 
WHERE DP.FECHA_DIAGNOSTICO NOT IN ('01-JUN-2024', '31-JUL-2024'); 


SELECT * FROM DIAGNOSTICO WHERE DESCRIPCION LIKE 'G%';











