-- Generated by Oracle SQL Developer Data Modeler 23.1.0.087.0806
--   at:        2024-09-22 15:51:09 CST
--   site:      Oracle Database 11g
--   type:      Oracle Database 11g



-- predefined type, no DDL - MDSYS.SDO_GEOMETRY

-- predefined type, no DDL - XMLTYPE

CREATE TABLE amarre (
    numero_amarre           NUMBER(6) NOT NULL,
    lectura_contador_luz    NUMBER(6, 2) NOT NULL,
    lectura_contador_agua   NUMBER(6, 2) NOT NULL,
    servicios_contratados   VARCHAR2(50 BYTE) NOT NULL,
    codigo_compra           VARCHAR2(10 BYTE) NOT NULL,
    letra_zona              VARCHAR2(1) NOT NULL,
    fecha_asignacion_amarre DATE NOT NULL
);

ALTER TABLE amarre ADD CONSTRAINT amarre_pk PRIMARY KEY ( numero_amarre );

CREATE TABLE compra_amarre (
    codigo_compra VARCHAR2(10 BYTE) NOT NULL,
    fecha_compra  DATE NOT NULL,
    codigo_sicio  VARCHAR2(10 BYTE) NOT NULL
);

ALTER TABLE compra_amarre ADD CONSTRAINT compra_amarre_pk PRIMARY KEY ( codigo_compra );

CREATE TABLE correo_empleado (
    codigo_correo   VARCHAR2(10 BYTE) NOT NULL,
    correo          VARCHAR2(60 BYTE) NOT NULL,
    codigo_empleado VARCHAR2(10 BYTE) NOT NULL
);

ALTER TABLE correo_empleado ADD CONSTRAINT correo_empleado_pk PRIMARY KEY ( codigo_correo );

CREATE TABLE correo_socio (
    codigo_correo VARCHAR2(10 BYTE) NOT NULL,
    correo        VARCHAR2(50) NOT NULL,
    codigo_sicio  VARCHAR2(10 BYTE) NOT NULL
);

ALTER TABLE correo_socio ADD CONSTRAINT correo_socio_pk PRIMARY KEY ( codigo_correo );

CREATE TABLE embarcacion (
    matricula     VARCHAR2(10 BYTE) NOT NULL,
    nombre        VARCHAR2(40 BYTE) NOT NULL,
    dimensiones   NUMBER(5, 2) NOT NULL,
    codigo_sicio  VARCHAR2(10 BYTE) NOT NULL,
    numero_amarre NUMBER(6) NOT NULL,
    codigo_tipo   VARCHAR2(10 BYTE) NOT NULL
);

CREATE UNIQUE INDEX embarcacion__idx ON
    embarcacion (
        numero_amarre
    ASC );

ALTER TABLE embarcacion ADD CONSTRAINT embarcacion_pk PRIMARY KEY ( matricula );

CREATE TABLE empleado (
    codigo_empleado  VARCHAR2(10 BYTE) NOT NULL,
    dpi              NUMBER(13) NOT NULL,
    primer_nombre    VARCHAR2(30 BYTE) NOT NULL,
    segundo_nombre   VARCHAR2(30 BYTE),
    primer_apellido  VARCHAR2(30 BYTE) NOT NULL,
    segundo_apellido VARCHAR2(30 BYTE) NOT NULL,
    direccion        VARCHAR2(75 BYTE) NOT NULL,
    telefono         VARCHAR2(20 BYTE) NOT NULL,
    codigo_municipio VARCHAR2(10) NOT NULL
);

ALTER TABLE empleado ADD CONSTRAINT empleado_pk PRIMARY KEY ( codigo_empleado );

CREATE TABLE empleado_zona (
    numero_barcos_encargado NUMBER(2) NOT NULL,
    letra_zona              VARCHAR2(1) NOT NULL,
    codigo_empleado         VARCHAR2(10 BYTE) NOT NULL
);

CREATE TABLE municipio (
    codigo_municipio VARCHAR2(10) NOT NULL,
    nombre           VARCHAR2(35 BYTE) NOT NULL
);

ALTER TABLE municipio ADD CONSTRAINT municipio_pk PRIMARY KEY ( codigo_municipio );

CREATE TABLE socio (
    codigo_sicio     VARCHAR2(10 BYTE) NOT NULL,
    primer_nombre    VARCHAR2(10 BYTE) NOT NULL,
    segundo_nombre   VARCHAR2(30 BYTE),
    tercer_nombre    VARCHAR2(30 BYTE),
    primer_apellido  VARCHAR2(30 BYTE) NOT NULL,
    segundo_apellido VARCHAR2(30 BYTE) NOT NULL,
    direccion        VARCHAR2(75 BYTE) NOT NULL,
    dpi              VARCHAR2(13 BYTE) NOT NULL,
    fecha_ingreso    DATE,
    codigo_municipio VARCHAR2(10) NOT NULL
);

ALTER TABLE socio ADD CONSTRAINT socio_pk PRIMARY KEY ( codigo_sicio );

CREATE TABLE telefono_socio (
    telefono           VARCHAR2(10 BYTE) NOT NULL,
    prefijo            VARCHAR2(5 BYTE) NOT NULL,
    numero             VARCHAR2(20 BYTE) NOT NULL,
    socio_codigo_sicio VARCHAR2(10 BYTE) NOT NULL
);

ALTER TABLE telefono_socio ADD CONSTRAINT telefono_socio_pk PRIMARY KEY ( telefono );

CREATE TABLE tipo_embarcacion (
    codigo_tipo VARCHAR2(10 BYTE) NOT NULL,
    descripcion VARCHAR2(75 BYTE) NOT NULL,
    letra_zona  VARCHAR2(1) NOT NULL
);

ALTER TABLE tipo_embarcacion ADD CONSTRAINT tipo_embarcacion_pk PRIMARY KEY ( codigo_tipo );

CREATE TABLE zona (
    letra_zona         VARCHAR2(1) NOT NULL,
    numero_barcos      NUMBER(2) NOT NULL,
    profundidad_amarre NUMBER(5, 2) NOT NULL,
    ancho_amarre       NUMBER(5, 2) NOT NULL
);

ALTER TABLE zona ADD CONSTRAINT zona_pk PRIMARY KEY ( letra_zona );

ALTER TABLE amarre
    ADD CONSTRAINT amarre_compra_amarre_fk FOREIGN KEY ( codigo_compra )
        REFERENCES compra_amarre ( codigo_compra );

ALTER TABLE amarre
    ADD CONSTRAINT amarre_zona_fk FOREIGN KEY ( letra_zona )
        REFERENCES zona ( letra_zona );

ALTER TABLE compra_amarre
    ADD CONSTRAINT compra_amarre_socio_fk FOREIGN KEY ( codigo_sicio )
        REFERENCES socio ( codigo_sicio );

ALTER TABLE correo_empleado
    ADD CONSTRAINT correo_empleado_empleado_fk FOREIGN KEY ( codigo_empleado )
        REFERENCES empleado ( codigo_empleado );

ALTER TABLE correo_socio
    ADD CONSTRAINT correo_socio_socio_fk FOREIGN KEY ( codigo_sicio )
        REFERENCES socio ( codigo_sicio );

ALTER TABLE embarcacion
    ADD CONSTRAINT e_tipo_embarcacion_fk FOREIGN KEY ( codigo_tipo )
        REFERENCES tipo_embarcacion ( codigo_tipo );

ALTER TABLE embarcacion
    ADD CONSTRAINT embarcacion_amarre_fk FOREIGN KEY ( numero_amarre )
        REFERENCES amarre ( numero_amarre );

ALTER TABLE embarcacion
    ADD CONSTRAINT embarcacion_socio_fk FOREIGN KEY ( codigo_sicio )
        REFERENCES socio ( codigo_sicio );

ALTER TABLE empleado
    ADD CONSTRAINT empleado_municipio_fk FOREIGN KEY ( codigo_municipio )
        REFERENCES municipio ( codigo_municipio );

ALTER TABLE empleado_zona
    ADD CONSTRAINT empleado_zona_empleado_fk FOREIGN KEY ( codigo_empleado )
        REFERENCES empleado ( codigo_empleado );

ALTER TABLE empleado_zona
    ADD CONSTRAINT empleado_zona_zona_fk FOREIGN KEY ( letra_zona )
        REFERENCES zona ( letra_zona );

ALTER TABLE socio
    ADD CONSTRAINT socio_municipio_fk FOREIGN KEY ( codigo_municipio )
        REFERENCES municipio ( codigo_municipio );

ALTER TABLE telefono_socio
    ADD CONSTRAINT telefono_socio_socio_fk FOREIGN KEY ( socio_codigo_sicio )
        REFERENCES socio ( codigo_sicio );

ALTER TABLE tipo_embarcacion
    ADD CONSTRAINT tipo_embarcacion_zona_fk FOREIGN KEY ( letra_zona )
        REFERENCES zona ( letra_zona );



-- Oracle SQL Developer Data Modeler Summary Report: 
-- 
-- CREATE TABLE                            12
-- CREATE INDEX                             1
-- ALTER TABLE                             25
-- CREATE VIEW                              0
-- ALTER VIEW                               0
-- CREATE PACKAGE                           0
-- CREATE PACKAGE BODY                      0
-- CREATE PROCEDURE                         0
-- CREATE FUNCTION                          0
-- CREATE TRIGGER                           0
-- ALTER TRIGGER                            0
-- CREATE COLLECTION TYPE                   0
-- CREATE STRUCTURED TYPE                   0
-- CREATE STRUCTURED TYPE BODY              0
-- CREATE CLUSTER                           0
-- CREATE CONTEXT                           0
-- CREATE DATABASE                          0
-- CREATE DIMENSION                         0
-- CREATE DIRECTORY                         0
-- CREATE DISK GROUP                        0
-- CREATE ROLE                              0
-- CREATE ROLLBACK SEGMENT                  0
-- CREATE SEQUENCE                          0
-- CREATE MATERIALIZED VIEW                 0
-- CREATE MATERIALIZED VIEW LOG             0
-- CREATE SYNONYM                           0
-- CREATE TABLESPACE                        0
-- CREATE USER                              0
-- 
-- DROP TABLESPACE                          0
-- DROP DATABASE                            0
-- 
-- REDACTION POLICY                         0
-- 
-- ORDS DROP SCHEMA                         0
-- ORDS ENABLE SCHEMA                       0
-- ORDS ENABLE OBJECT                       0
-- 
-- ERRORS                                   0
-- WARNINGS                                 0


INSERT INTO municipio (codigo_municipio, nombre) VALUES ('0101', 'Guatemala');
INSERT INTO municipio (codigo_municipio, nombre) VALUES ('0102', 'Santa Catarina Pinula');
INSERT INTO municipio (codigo_municipio, nombre) VALUES ('0103', 'San José Pinula');
INSERT INTO municipio (codigo_municipio, nombre) VALUES ('0104', 'San José del Golfo');
INSERT INTO municipio (codigo_municipio, nombre) VALUES ('0105', 'Palencia');
INSERT INTO municipio (codigo_municipio, nombre) VALUES ('0106', 'Chinautla');
INSERT INTO municipio (codigo_municipio, nombre) VALUES ('0107', 'San Pedro Ayampuc');
INSERT INTO municipio (codigo_municipio, nombre) VALUES ('0108', 'Mixco');
INSERT INTO municipio (codigo_municipio, nombre) VALUES ('0109', 'San Pedro Sacatepéquez');
INSERT INTO municipio (codigo_municipio, nombre) VALUES ('0110', 'San Juan Sacatepéquez');
INSERT INTO municipio (codigo_municipio, nombre) VALUES ('0111', 'San Raymundo');
INSERT INTO municipio (codigo_municipio, nombre) VALUES ('0112', 'Chuarrancho');
INSERT INTO municipio (codigo_municipio, nombre) VALUES ('0113', 'Fraijanes');
INSERT INTO municipio (codigo_municipio, nombre) VALUES ('0114', 'Amatitlán');
INSERT INTO municipio (codigo_municipio, nombre) VALUES ('0115', 'Villa Nueva');
INSERT INTO municipio (codigo_municipio, nombre) VALUES ('0116', 'Villa Canales');
INSERT INTO municipio (codigo_municipio, nombre) VALUES ('0117', 'Petapa');
INSERT INTO municipio (codigo_municipio, nombre) VALUES ('0201', 'Guastatoya');
INSERT INTO municipio (codigo_municipio, nombre) VALUES ('0202', 'Morazán');
INSERT INTO municipio (codigo_municipio, nombre) VALUES ('0203', 'San Agustín Acasaguastlán');
INSERT INTO municipio (codigo_municipio, nombre) VALUES ('0204', 'San Cristóbal Acasaguastlán');
INSERT INTO municipio (codigo_municipio, nombre) VALUES ('0205', 'El Jícaro');
INSERT INTO municipio (codigo_municipio, nombre) VALUES ('0206', 'Sansare');
INSERT INTO municipio (codigo_municipio, nombre) VALUES ('0207', 'Sanarate');
INSERT INTO municipio (codigo_municipio, nombre) VALUES ('0208', 'San Antonio la Paz');
INSERT INTO municipio (codigo_municipio, nombre) VALUES ('0301', 'Antigua Guatemala');
INSERT INTO municipio (codigo_municipio, nombre) VALUES ('0302', 'Jocotenango');
INSERT INTO municipio (codigo_municipio, nombre) VALUES ('0303', 'Pastores');
INSERT INTO municipio (codigo_municipio, nombre) VALUES ('0304', 'Sumpango');
INSERT INTO municipio (codigo_municipio, nombre) VALUES ('0305', 'Santo Domingo Xenacoj');
INSERT INTO municipio (codigo_municipio, nombre) VALUES ('0306', 'Santiago Sacatepéquez');
INSERT INTO municipio (codigo_municipio, nombre) VALUES ('0307', 'San Bartolomé Milpas Altas');
INSERT INTO municipio (codigo_municipio, nombre) VALUES ('0308', 'San Lucas Sacatepéquez');
INSERT INTO municipio (codigo_municipio, nombre) VALUES ('0309', 'Santa Lucía Milpas Altas');
INSERT INTO municipio (codigo_municipio, nombre) VALUES ('0310', 'Magdalena Milpas Altas');
INSERT INTO municipio (codigo_municipio, nombre) VALUES ('0311', 'Santa María de Jesús');
INSERT INTO municipio (codigo_municipio, nombre) VALUES ('0312', 'Ciudad Vieja');
INSERT INTO municipio (codigo_municipio, nombre) VALUES ('0313', 'San Miguel Dueñas');
INSERT INTO municipio (codigo_municipio, nombre) VALUES ('0314', 'Alotenango');
INSERT INTO municipio (codigo_municipio, nombre) VALUES ('0315', 'San Antonio Aguas Calientes');
INSERT INTO municipio (codigo_municipio, nombre) VALUES ('0316', 'Santa Catarina Barahona');
INSERT INTO municipio (codigo_municipio, nombre) VALUES ('0401', 'Chimaltenango');
INSERT INTO municipio (codigo_municipio, nombre) VALUES ('0402', 'San José Poaquil');
INSERT INTO municipio (codigo_municipio, nombre) VALUES ('0403', 'San Martín Jilotepeque');
INSERT INTO municipio (codigo_municipio, nombre) VALUES ('0404', 'Comalapa');
INSERT INTO municipio (codigo_municipio, nombre) VALUES ('0405', 'Santa Apolonia');
INSERT INTO municipio (codigo_municipio, nombre) VALUES ('0406', 'Tecpán Guatemala');
INSERT INTO municipio (codigo_municipio, nombre) VALUES ('0407', 'Patzún');
INSERT INTO municipio (codigo_municipio, nombre) VALUES ('0408', 'Pochuta');
INSERT INTO municipio (codigo_municipio, nombre) VALUES ('0409', 'Patzicía');
INSERT INTO municipio (codigo_municipio, nombre) VALUES ('0410', 'Santa Cruz Balanyá');
INSERT INTO municipio (codigo_municipio, nombre) VALUES ('0411', 'Acatenango');
INSERT INTO municipio (codigo_municipio, nombre) VALUES ('0412', 'Yepocapa');
INSERT INTO municipio (codigo_municipio, nombre) VALUES ('0413', 'San Andrés Itzapa');
INSERT INTO municipio (codigo_municipio, nombre) VALUES ('0414', 'Parramos');
INSERT INTO municipio (codigo_municipio, nombre) VALUES ('0415', 'Zaragoza');
INSERT INTO municipio (codigo_municipio, nombre) VALUES ('0416', 'El Tejar');
INSERT INTO municipio (codigo_municipio, nombre) VALUES ('0501', 'Escuintla');
INSERT INTO municipio (codigo_municipio, nombre) VALUES ('0502', 'Santa Lucía Cotzumalguapa');
INSERT INTO municipio (codigo_municipio, nombre) VALUES ('0503', 'La Democracia');
INSERT INTO municipio (codigo_municipio, nombre) VALUES ('0504', 'Siquinalá');
INSERT INTO municipio (codigo_municipio, nombre) VALUES ('0505', 'Masagua');
INSERT INTO municipio (codigo_municipio, nombre) VALUES ('0506', 'Tiquisate');
INSERT INTO municipio (codigo_municipio, nombre) VALUES ('0507', 'La Gomera');
INSERT INTO municipio (codigo_municipio, nombre) VALUES ('0508', 'Guanagazapa');
INSERT INTO municipio (codigo_municipio, nombre) VALUES ('0509', 'San José');
INSERT INTO municipio (codigo_municipio, nombre) VALUES ('0510', 'Iztapa');
INSERT INTO municipio (codigo_municipio, nombre) VALUES ('0511', 'Palín');
INSERT INTO municipio (codigo_municipio, nombre) VALUES ('0512', 'San Vicente Pacaya');
INSERT INTO municipio (codigo_municipio, nombre) VALUES ('0513', 'Nueva Concepción');
INSERT INTO municipio (codigo_municipio, nombre) VALUES ('0601', 'Cuilapa');
INSERT INTO municipio (codigo_municipio, nombre) VALUES ('0602', 'Barberena');
INSERT INTO municipio (codigo_municipio, nombre) VALUES ('0603', 'Santa Rosa de Lima');
INSERT INTO municipio (codigo_municipio, nombre) VALUES ('0604', 'Casillas');
INSERT INTO municipio (codigo_municipio, nombre) VALUES ('0605', 'San Rafael las Flores');
INSERT INTO municipio (codigo_municipio, nombre) VALUES ('0606', 'Oratorio');
INSERT INTO municipio (codigo_municipio, nombre) VALUES ('0607', 'San Juan Tecuaco');
INSERT INTO municipio (codigo_municipio, nombre) VALUES ('0608', 'Chiquimulilla');
INSERT INTO municipio (codigo_municipio, nombre) VALUES ('0609', 'Taxisco');
INSERT INTO municipio (codigo_municipio, nombre) VALUES ('0610', 'Santa María Ixhuatán');
INSERT INTO municipio (codigo_municipio, nombre) VALUES ('0611', 'Guazacapán');
INSERT INTO municipio (codigo_municipio, nombre) VALUES ('0612', 'Santa Cruz Naranjo');
INSERT INTO municipio (codigo_municipio, nombre) VALUES ('0613', 'Pueblo Nuevo Viñas');
INSERT INTO municipio (codigo_municipio, nombre) VALUES ('0614', 'Nueva Santa Rosa');
INSERT INTO municipio (codigo_municipio, nombre) VALUES ('0701', 'Sololá');
INSERT INTO municipio (codigo_municipio, nombre) VALUES ('0702', 'San José Chacayá');
INSERT INTO municipio (codigo_municipio, nombre) VALUES ('0703', 'Santa María Visitación');
INSERT INTO municipio (codigo_municipio, nombre) VALUES ('0704', 'Santa Lucía Utatlán');
INSERT INTO municipio (codigo_municipio, nombre) VALUES ('0705', 'Nahualá');
INSERT INTO municipio (codigo_municipio, nombre) VALUES ('0706', 'Santa Catarina Ixtahuacán');
INSERT INTO municipio (codigo_municipio, nombre) VALUES ('0707', 'Santa Clara la Laguna');
INSERT INTO municipio (codigo_municipio, nombre) VALUES ('0708', 'Concepción');
INSERT INTO municipio (codigo_municipio, nombre) VALUES ('0709', 'San Andrés Semetabaj');
INSERT INTO municipio (codigo_municipio, nombre) VALUES ('0710', 'Panajachel');
INSERT INTO municipio (codigo_municipio, nombre) VALUES ('0711', 'Santa Catarina Palopó');
INSERT INTO municipio (codigo_municipio, nombre) VALUES ('0712', 'San Antonio Palopó');
INSERT INTO municipio (codigo_municipio, nombre) VALUES ('0713', 'San Lucas Tolimán');
INSERT INTO municipio (codigo_municipio, nombre) VALUES ('0714', 'Santa Cruz la Laguna');
INSERT INTO municipio (codigo_municipio, nombre) VALUES ('0715', 'San Pablo la Laguna');
INSERT INTO municipio (codigo_municipio, nombre) VALUES ('0716', 'San Marcos la Laguna');
INSERT INTO municipio (codigo_municipio, nombre) VALUES ('0717', 'San Juan la Laguna');
INSERT INTO municipio (codigo_municipio, nombre) VALUES ('0718', 'San Pedro la Laguna');
INSERT INTO municipio (codigo_municipio, nombre) VALUES ('0719', 'Santiago Atitlán');
INSERT INTO municipio (codigo_municipio, nombre) VALUES ('0801', 'Totonicapán');
INSERT INTO municipio (codigo_municipio, nombre) VALUES ('0802', 'San Cristóbal Totonicapán');
INSERT INTO municipio (codigo_municipio, nombre) VALUES ('0803', 'San Francisco el Alto');
INSERT INTO municipio (codigo_municipio, nombre) VALUES ('0804', 'San Andrés Xecul');
INSERT INTO municipio (codigo_municipio, nombre) VALUES ('0805', 'Momostenango');
INSERT INTO municipio (codigo_municipio, nombre) VALUES ('0806', 'Santa María Chiquimula');
INSERT INTO municipio (codigo_municipio, nombre) VALUES ('0807', 'Santa Lucía la Reforma');
INSERT INTO municipio (codigo_municipio, nombre) VALUES ('0808', 'San Bartolo');
INSERT INTO municipio (codigo_municipio, nombre) VALUES ('0901', 'Quetzaltenango');
INSERT INTO municipio (codigo_municipio, nombre) VALUES ('0902', 'Salcajá');
INSERT INTO municipio (codigo_municipio, nombre) VALUES ('0903', 'Olintepeque');
INSERT INTO municipio (codigo_municipio, nombre) VALUES ('0904', 'San Carlos Sija');
INSERT INTO municipio (codigo_municipio, nombre) VALUES ('0905', 'Sibilia');
INSERT INTO municipio (codigo_municipio, nombre) VALUES ('0906', 'Cabricán');
INSERT INTO municipio (codigo_municipio, nombre) VALUES ('0907', 'Cajolá');
INSERT INTO municipio (codigo_municipio, nombre) VALUES ('0908', 'San Miguel Siguilá');
INSERT INTO municipio (codigo_municipio, nombre) VALUES ('0909', 'Ostuncalco');
INSERT INTO municipio (codigo_municipio, nombre) VALUES ('0910', 'San Mateo');
INSERT INTO municipio (codigo_municipio, nombre) VALUES ('0911', 'Concepción Chiquirichapa');
INSERT INTO municipio (codigo_municipio, nombre) VALUES ('0912', 'San Martín Sacatepéquez');
INSERT INTO municipio (codigo_municipio, nombre) VALUES ('0913', 'Almolonga');
INSERT INTO municipio (codigo_municipio, nombre) VALUES ('0914', 'Cantel');
INSERT INTO municipio (codigo_municipio, nombre) VALUES ('0915', 'Huitán');
INSERT INTO municipio (codigo_municipio, nombre) VALUES ('0916', 'Zunil');
INSERT INTO municipio (codigo_municipio, nombre) VALUES ('0917', 'Colomba');
INSERT INTO municipio (codigo_municipio, nombre) VALUES ('0918', 'San Francisco la Unión');
INSERT INTO municipio (codigo_municipio, nombre) VALUES ('0919', 'El Palmar');
INSERT INTO municipio (codigo_municipio, nombre) VALUES ('0920', 'Coatepeque');
INSERT INTO municipio (codigo_municipio, nombre) VALUES ('0921', 'Génova');
INSERT INTO municipio (codigo_municipio, nombre) VALUES ('0922', 'Flores Costa Cuca');
INSERT INTO municipio (codigo_municipio, nombre) VALUES ('0923', 'La Esperanza');
INSERT INTO municipio (codigo_municipio, nombre) VALUES ('0924', 'Palestina de los Altos');
INSERT INTO municipio (codigo_municipio, nombre) VALUES ('1001', 'Mazatenango');
INSERT INTO municipio (codigo_municipio, nombre) VALUES ('1002', 'Cuyotenango');
INSERT INTO municipio (codigo_municipio, nombre) VALUES ('1003', 'San Francisco Zapotitlán');
INSERT INTO municipio (codigo_municipio, nombre) VALUES ('1004', 'San Bernardino');
INSERT INTO municipio (codigo_municipio, nombre) VALUES ('1005', 'San José el Idolo');
INSERT INTO municipio (codigo_municipio, nombre) VALUES ('1006', 'Santo Domingo Suchitepéquez');
INSERT INTO municipio (codigo_municipio, nombre) VALUES ('1007', 'San Lorenzo');
INSERT INTO municipio (codigo_municipio, nombre) VALUES ('1008', 'Samayac');
INSERT INTO municipio (codigo_municipio, nombre) VALUES ('1009', 'San Pablo Jocopilas');
INSERT INTO municipio (codigo_municipio, nombre) VALUES ('1010', 'San Antonio Suchitepéquez');
INSERT INTO municipio (codigo_municipio, nombre) VALUES ('1011', 'San Miguel Panán');
INSERT INTO municipio (codigo_municipio, nombre) VALUES ('1012', 'San Gabriel');
INSERT INTO municipio (codigo_municipio, nombre) VALUES ('1013', 'Chicacao');
INSERT INTO municipio (codigo_municipio, nombre) VALUES ('1014', 'Patulul');
INSERT INTO municipio (codigo_municipio, nombre) VALUES ('1015', 'Santa Bárbara');
INSERT INTO municipio (codigo_municipio, nombre) VALUES ('1016', 'San Juan Bautista');
INSERT INTO municipio (codigo_municipio, nombre) VALUES ('1017', 'Santo Tomás la Unión');
INSERT INTO municipio (codigo_municipio, nombre) VALUES ('1018', 'Zunilito');
INSERT INTO municipio (codigo_municipio, nombre) VALUES ('1019', 'Pueblo Nuevo');
INSERT INTO municipio (codigo_municipio, nombre) VALUES ('1020', 'Río Bravo');
INSERT INTO municipio (codigo_municipio, nombre) VALUES ('1021', 'San José La Máquina');
INSERT INTO municipio (codigo_municipio, nombre) VALUES ('1101', 'Retalhuleu');
INSERT INTO municipio (codigo_municipio, nombre) VALUES ('1102', 'San Sebastián');
INSERT INTO municipio (codigo_municipio, nombre) VALUES ('1103', 'Santa Cruz Muluá');
INSERT INTO municipio (codigo_municipio, nombre) VALUES ('1104', 'San Martín Zapotitlán');
INSERT INTO municipio (codigo_municipio, nombre) VALUES ('1105', 'San Felipe');
INSERT INTO municipio (codigo_municipio, nombre) VALUES ('1106', 'San Andrés Villa Seca');
INSERT INTO municipio (codigo_municipio, nombre) VALUES ('1107', 'Champerico');
INSERT INTO municipio (codigo_municipio, nombre) VALUES ('1108', 'Nuevo San Carlos');
INSERT INTO municipio (codigo_municipio, nombre) VALUES ('1109', 'El Asintal');
INSERT INTO municipio (codigo_municipio, nombre) VALUES ('1201', 'San Marcos');
INSERT INTO municipio (codigo_municipio, nombre) VALUES ('1202', 'San Pedro Sacatepéquez');
INSERT INTO municipio (codigo_municipio, nombre) VALUES ('1203', 'San Antonio Sacatepéquez');
INSERT INTO municipio (codigo_municipio, nombre) VALUES ('1204', 'Comitancillo');
INSERT INTO municipio (codigo_municipio, nombre) VALUES ('1205', 'San Miguel Ixtahuacán');
INSERT INTO municipio (codigo_municipio, nombre) VALUES ('1206', 'Concepción Tutuapa');
INSERT INTO municipio (codigo_municipio, nombre) VALUES ('1207', 'Tacaná');
INSERT INTO municipio (codigo_municipio, nombre) VALUES ('1208', 'Sibinal');
INSERT INTO municipio (codigo_municipio, nombre) VALUES ('1209', 'Tajumulco');
INSERT INTO municipio (codigo_municipio, nombre) VALUES ('1210', 'Tejutla');
INSERT INTO municipio (codigo_municipio, nombre) VALUES ('1211', 'San Rafael Pié de la Cuesta');
INSERT INTO municipio (codigo_municipio, nombre) VALUES ('1212', 'Nuevo Progreso');
INSERT INTO municipio (codigo_municipio, nombre) VALUES ('1213', 'El Tumbador');
INSERT INTO municipio (codigo_municipio, nombre) VALUES ('1214', 'El Rodeo');
INSERT INTO municipio (codigo_municipio, nombre) VALUES ('1215', 'Malacatán');
INSERT INTO municipio (codigo_municipio, nombre) VALUES ('1216', 'Catarina');
INSERT INTO municipio (codigo_municipio, nombre) VALUES ('1217', 'Ayutla');
INSERT INTO municipio (codigo_municipio, nombre) VALUES ('1218', 'Ocós');
INSERT INTO municipio (codigo_municipio, nombre) VALUES ('1219', 'San Pablo');
INSERT INTO municipio (codigo_municipio, nombre) VALUES ('1220', 'El Quetzal');
INSERT INTO municipio (codigo_municipio, nombre) VALUES ('1221', 'La Reforma');
INSERT INTO municipio (codigo_municipio, nombre) VALUES ('1222', 'Pajapita');
INSERT INTO municipio (codigo_municipio, nombre) VALUES ('1223', 'Ixchiguán');
INSERT INTO municipio (codigo_municipio, nombre) VALUES ('1224', 'San José Ojetenán');
INSERT INTO municipio (codigo_municipio, nombre) VALUES ('1225', 'San Cristóbal Cucho');
INSERT INTO municipio (codigo_municipio, nombre) VALUES ('1226', 'Sipacapa');
INSERT INTO municipio (codigo_municipio, nombre) VALUES ('1227', 'Esquipulas Palo Gordo');
INSERT INTO municipio (codigo_municipio, nombre) VALUES ('1228', 'Río Blanco');
INSERT INTO municipio (codigo_municipio, nombre) VALUES ('1229', 'San Lorenzo');
INSERT INTO municipio (codigo_municipio, nombre) VALUES ('1230', 'La Blanca');
INSERT INTO municipio (codigo_municipio, nombre) VALUES ('1301', 'Huehuetenango');
INSERT INTO municipio (codigo_municipio, nombre) VALUES ('1302', 'Chiantla');
INSERT INTO municipio (codigo_municipio, nombre) VALUES ('1303', 'Malacatancito');
INSERT INTO municipio (codigo_municipio, nombre) VALUES ('1304', 'Cuilco');
INSERT INTO municipio (codigo_municipio, nombre) VALUES ('1305', 'Nentón');
INSERT INTO municipio (codigo_municipio, nombre) VALUES ('1306', 'San Pedro Necta');
INSERT INTO municipio (codigo_municipio, nombre) VALUES ('1307', 'Jacaltenango');
INSERT INTO municipio (codigo_municipio, nombre) VALUES ('1308', 'Soloma');
INSERT INTO municipio (codigo_municipio, nombre) VALUES ('1309', 'Ixtahuacán');
INSERT INTO municipio (codigo_municipio, nombre) VALUES ('1310', 'Santa Bárbara');
INSERT INTO municipio (codigo_municipio, nombre) VALUES ('1311', 'La Libertad');
INSERT INTO municipio (codigo_municipio, nombre) VALUES ('1312', 'La Democracia');
INSERT INTO municipio (codigo_municipio, nombre) VALUES ('1313', 'San Miguel Acatán');
INSERT INTO municipio (codigo_municipio, nombre) VALUES ('1314', 'San Rafael la Independencia');
INSERT INTO municipio (codigo_municipio, nombre) VALUES ('1315', 'Todos Santos Cuchumatán');
INSERT INTO municipio (codigo_municipio, nombre) VALUES ('1316', 'San Juan Atitán');
INSERT INTO municipio (codigo_municipio, nombre) VALUES ('1317', 'Santa Eulalia');
INSERT INTO municipio (codigo_municipio, nombre) VALUES ('1318', 'San Mateo Ixtatán');
INSERT INTO municipio (codigo_municipio, nombre) VALUES ('1319', 'Colotenango');
INSERT INTO municipio (codigo_municipio, nombre) VALUES ('1320', 'San Sebastián Huehuetenango');
INSERT INTO municipio (codigo_municipio, nombre) VALUES ('1321', 'Tectitán');
INSERT INTO municipio (codigo_municipio, nombre) VALUES ('1322', 'Concepción Huista');
INSERT INTO municipio (codigo_municipio, nombre) VALUES ('1323', 'San Juan Ixcoy');
INSERT INTO municipio (codigo_municipio, nombre) VALUES ('1324', 'San Antonio Huista');
INSERT INTO municipio (codigo_municipio, nombre) VALUES ('1325', 'San Sebastián Coatán');
INSERT INTO municipio (codigo_municipio, nombre) VALUES ('1326', 'Barillas');
INSERT INTO municipio (codigo_municipio, nombre) VALUES ('1327', 'Aguacatán');
INSERT INTO municipio (codigo_municipio, nombre) VALUES ('1328', 'San Rafael Petzal');
INSERT INTO municipio (codigo_municipio, nombre) VALUES ('1329', 'San Gaspar Ixchil');
INSERT INTO municipio (codigo_municipio, nombre) VALUES ('1330', 'Santiago Chimaltenango');
INSERT INTO municipio (codigo_municipio, nombre) VALUES ('1331', 'Santa Ana Huista');
INSERT INTO municipio (codigo_municipio, nombre) VALUES ('1332', 'Unión Cantinil');
INSERT INTO municipio (codigo_municipio, nombre) VALUES ('1401', 'Santa Cruz del Quiché');
INSERT INTO municipio (codigo_municipio, nombre) VALUES ('1402', 'Chiché');
INSERT INTO municipio (codigo_municipio, nombre) VALUES ('1403', 'Chinique');
INSERT INTO municipio (codigo_municipio, nombre) VALUES ('1404', 'Zacualpa');
INSERT INTO municipio (codigo_municipio, nombre) VALUES ('1405', 'Chajul');
INSERT INTO municipio (codigo_municipio, nombre) VALUES ('1406', 'Chichicastenango');
INSERT INTO municipio (codigo_municipio, nombre) VALUES ('1407', 'Patzité');
INSERT INTO municipio (codigo_municipio, nombre) VALUES ('1408', 'San Antonio Ilotenango');
INSERT INTO municipio (codigo_municipio, nombre) VALUES ('1409', 'San Pedro Jocopilas');
INSERT INTO municipio (codigo_municipio, nombre) VALUES ('1410', 'Cunén');
INSERT INTO municipio (codigo_municipio, nombre) VALUES ('1411', 'San Juan Cotzal');
INSERT INTO municipio (codigo_municipio, nombre) VALUES ('1412', 'Joyabaj');
INSERT INTO municipio (codigo_municipio, nombre) VALUES ('1413', 'Nebaj');
INSERT INTO municipio (codigo_municipio, nombre) VALUES ('1414', 'San Andrés Sajcabajá');
INSERT INTO municipio (codigo_municipio, nombre) VALUES ('1415', 'Uspantán');
INSERT INTO municipio (codigo_municipio, nombre) VALUES ('1416', 'Sacapulas');
INSERT INTO municipio (codigo_municipio, nombre) VALUES ('1417', 'San Bartolomé Jocotenango');
INSERT INTO municipio (codigo_municipio, nombre) VALUES ('1418', 'Canillá');
INSERT INTO municipio (codigo_municipio, nombre) VALUES ('1419', 'Chicamán');
INSERT INTO municipio (codigo_municipio, nombre) VALUES ('1420', 'Ixcán');
INSERT INTO municipio (codigo_municipio, nombre) VALUES ('1421', 'Pachalum');
INSERT INTO municipio (codigo_municipio, nombre) VALUES ('1501', 'Salamá');
INSERT INTO municipio (codigo_municipio, nombre) VALUES ('1502', 'San Miguel Chicaj');
INSERT INTO municipio (codigo_municipio, nombre) VALUES ('1503', 'Rabinal');
INSERT INTO municipio (codigo_municipio, nombre) VALUES ('1504', 'Cubulco');
INSERT INTO municipio (codigo_municipio, nombre) VALUES ('1505', 'Granados');
INSERT INTO municipio (codigo_municipio, nombre) VALUES ('1506', 'El Chol');
INSERT INTO municipio (codigo_municipio, nombre) VALUES ('1507', 'San Jerónimo');
INSERT INTO municipio (codigo_municipio, nombre) VALUES ('1508', 'Purulhá');
INSERT INTO municipio (codigo_municipio, nombre) VALUES ('1601', 'Cobán');
INSERT INTO municipio (codigo_municipio, nombre) VALUES ('1602', 'Santa Cruz Verapaz');
INSERT INTO municipio (codigo_municipio, nombre) VALUES ('1603', 'San Cristóbal Verapaz');
INSERT INTO municipio (codigo_municipio, nombre) VALUES ('1604', 'Tactic');
INSERT INTO municipio (codigo_municipio, nombre) VALUES ('1605', 'Tamahú');
INSERT INTO municipio (codigo_municipio, nombre) VALUES ('1606', 'Tucurú');
INSERT INTO municipio (codigo_municipio, nombre) VALUES ('1607', 'Panzós');
INSERT INTO municipio (codigo_municipio, nombre) VALUES ('1608', 'Senahú');
INSERT INTO municipio (codigo_municipio, nombre) VALUES ('1609', 'San Pedro Carchá');
INSERT INTO municipio (codigo_municipio, nombre) VALUES ('1610', 'San Juan Chamelco');
INSERT INTO municipio (codigo_municipio, nombre) VALUES ('1611', 'Lanquín');
INSERT INTO municipio (codigo_municipio, nombre) VALUES ('1612', 'Cahabón');
INSERT INTO municipio (codigo_municipio, nombre) VALUES ('1613', 'Chisec');
INSERT INTO municipio (codigo_municipio, nombre) VALUES ('1614', 'Chahal');
INSERT INTO municipio (codigo_municipio, nombre) VALUES ('1615', 'Fray Bartolomé de las Casas');
INSERT INTO municipio (codigo_municipio, nombre) VALUES ('1616', 'Santa Catalina la Tinta');
INSERT INTO municipio (codigo_municipio, nombre) VALUES ('1617', 'Raxruhá');
INSERT INTO municipio (codigo_municipio, nombre) VALUES ('1701', 'Flores');
INSERT INTO municipio (codigo_municipio, nombre) VALUES ('1702', 'San José');
INSERT INTO municipio (codigo_municipio, nombre) VALUES ('1703', 'San Benito');
INSERT INTO municipio (codigo_municipio, nombre) VALUES ('1704', 'San Andrés');
INSERT INTO municipio (codigo_municipio, nombre) VALUES ('1705', 'La Libertad');
INSERT INTO municipio (codigo_municipio, nombre) VALUES ('1706', 'San Francisco');
INSERT INTO municipio (codigo_municipio, nombre) VALUES ('1707', 'Santa Ana');
INSERT INTO municipio (codigo_municipio, nombre) VALUES ('1708', 'Dolores');
INSERT INTO municipio (codigo_municipio, nombre) VALUES ('1709', 'San Luis');
INSERT INTO municipio (codigo_municipio, nombre) VALUES ('1710', 'Sayaxché');
INSERT INTO municipio (codigo_municipio, nombre) VALUES ('1711', 'Melchor de Mencos');
INSERT INTO municipio (codigo_municipio, nombre) VALUES ('1712', 'Poptún');
INSERT INTO municipio (codigo_municipio, nombre) VALUES ('1713', 'Las Cruces');
INSERT INTO municipio (codigo_municipio, nombre) VALUES ('1714', 'El Chal');
INSERT INTO municipio (codigo_municipio, nombre) VALUES ('1801', 'Puerto Barrios');
INSERT INTO municipio (codigo_municipio, nombre) VALUES ('1802', 'Livingston');
INSERT INTO municipio (codigo_municipio, nombre) VALUES ('1803', 'El Estor');
INSERT INTO municipio (codigo_municipio, nombre) VALUES ('1804', 'Morales');
INSERT INTO municipio (codigo_municipio, nombre) VALUES ('1805', 'Los Amates');
INSERT INTO municipio (codigo_municipio, nombre) VALUES ('1901', 'Zacapa');
INSERT INTO municipio (codigo_municipio, nombre) VALUES ('1902', 'Estanzuela');
INSERT INTO municipio (codigo_municipio, nombre) VALUES ('1903', 'Río Hondo');
INSERT INTO municipio (codigo_municipio, nombre) VALUES ('1904', 'Gualán');
INSERT INTO municipio (codigo_municipio, nombre) VALUES ('1905', 'Teculután');
INSERT INTO municipio (codigo_municipio, nombre) VALUES ('1906', 'Usumatlán');
INSERT INTO municipio (codigo_municipio, nombre) VALUES ('1907', 'Cabañas');
INSERT INTO municipio (codigo_municipio, nombre) VALUES ('1908', 'San Diego');
INSERT INTO municipio (codigo_municipio, nombre) VALUES ('1909', 'La Unión');
INSERT INTO municipio (codigo_municipio, nombre) VALUES ('1910', 'Huité');
INSERT INTO municipio (codigo_municipio, nombre) VALUES ('1911', 'San Jorge');
INSERT INTO municipio (codigo_municipio, nombre) VALUES ('2001', 'Chiquimula');
INSERT INTO municipio (codigo_municipio, nombre) VALUES ('2002', 'San José La Arada');
INSERT INTO municipio (codigo_municipio, nombre) VALUES ('2003', 'San Juan Ermita');
INSERT INTO municipio (codigo_municipio, nombre) VALUES ('2004', 'Jocotán');
INSERT INTO municipio (codigo_municipio, nombre) VALUES ('2005', 'Camotán');
INSERT INTO municipio (codigo_municipio, nombre) VALUES ('2006', 'Olopa');
INSERT INTO municipio (codigo_municipio, nombre) VALUES ('2007', 'Esquipulas');
INSERT INTO municipio (codigo_municipio, nombre) VALUES ('2008', 'Concepción Las Minas');
INSERT INTO municipio (codigo_municipio, nombre) VALUES ('2009', 'Quetzaltepeque');
INSERT INTO municipio (codigo_municipio, nombre) VALUES ('2010', 'San Jacinto');
INSERT INTO municipio (codigo_municipio, nombre) VALUES ('2011', 'Ipala');
INSERT INTO municipio (codigo_municipio, nombre) VALUES ('2101', 'Jalapa');
INSERT INTO municipio (codigo_municipio, nombre) VALUES ('2102', 'San Pedro Pinula');
INSERT INTO municipio (codigo_municipio, nombre) VALUES ('2103', 'San Luis Jilotepeque');
INSERT INTO municipio (codigo_municipio, nombre) VALUES ('2104', 'San Manuel Chaparrón');
INSERT INTO municipio (codigo_municipio, nombre) VALUES ('2105', 'San Carlos Alzatate');
INSERT INTO municipio (codigo_municipio, nombre) VALUES ('2106', 'Monjas');
INSERT INTO municipio (codigo_municipio, nombre) VALUES ('2107', 'Mataquescuintla');
INSERT INTO municipio (codigo_municipio, nombre) VALUES ('2201', 'Jutiapa');
INSERT INTO municipio (codigo_municipio, nombre) VALUES ('2202', 'El Progreso');
INSERT INTO municipio (codigo_municipio, nombre) VALUES ('2203', 'Santa Catarina Mita');
INSERT INTO municipio (codigo_municipio, nombre) VALUES ('2204', 'Agua Blanca');
INSERT INTO municipio (codigo_municipio, nombre) VALUES ('2205', 'Asunción Mita');
INSERT INTO municipio (codigo_municipio, nombre) VALUES ('2206', 'Yupiltepeque');
INSERT INTO municipio (codigo_municipio, nombre) VALUES ('2207', 'Atescatempa');
INSERT INTO municipio (codigo_municipio, nombre) VALUES ('2208', 'Jerez');
INSERT INTO municipio (codigo_municipio, nombre) VALUES ('2209', 'El Adelanto');
INSERT INTO municipio (codigo_municipio, nombre) VALUES ('2210', 'Zapotitlán');
INSERT INTO municipio (codigo_municipio, nombre) VALUES ('2211', 'Comapa');
INSERT INTO municipio (codigo_municipio, nombre) VALUES ('2212', 'Jalpatagua');
INSERT INTO municipio (codigo_municipio, nombre) VALUES ('2213', 'Conguaco');
INSERT INTO municipio (codigo_municipio, nombre) VALUES ('2214', 'Moyuta');
INSERT INTO municipio (codigo_municipio, nombre) VALUES ('2215', 'Pasaco');
INSERT INTO municipio (codigo_municipio, nombre) VALUES ('2216', 'San José Acatempa');
INSERT INTO municipio (codigo_municipio, nombre) VALUES ('2217', 'Quesada');
COMMIT;


INSERT INTO zona (letra_zona, numero_barcos, profundidad_amarre, ancho_amarre)
VALUES ('A', 12, 15.50, 8.30);

INSERT INTO zona (letra_zona, numero_barcos, profundidad_amarre, ancho_amarre)
VALUES ('B', 8, 12.75, 7.40);

INSERT INTO zona (letra_zona, numero_barcos, profundidad_amarre, ancho_amarre)
VALUES ('C', 15, 18.00, 9.20);

INSERT INTO zona (letra_zona, numero_barcos, profundidad_amarre, ancho_amarre)
VALUES ('D', 6, 10.25, 6.85);

INSERT INTO zona (letra_zona, numero_barcos, profundidad_amarre, ancho_amarre)
VALUES ('E', 9, 14.00, 7.60);

INSERT INTO zona (letra_zona, numero_barcos, profundidad_amarre, ancho_amarre)
VALUES ('F', 10, 16.50, 8.00);

INSERT INTO zona (letra_zona, numero_barcos, profundidad_amarre, ancho_amarre)
VALUES ('G', 7, 13.00, 7.20);

INSERT INTO zona (letra_zona, numero_barcos, profundidad_amarre, ancho_amarre)
VALUES ('H', 11, 17.75, 8.90);

INSERT INTO zona (letra_zona, numero_barcos, profundidad_amarre, ancho_amarre)
VALUES ('I', 5, 9.50, 6.50);

INSERT INTO zona (letra_zona, numero_barcos, profundidad_amarre, ancho_amarre)
VALUES ('J', 14, 19.00, 9.50);

INSERT INTO zona (letra_zona, numero_barcos, profundidad_amarre, ancho_amarre)
VALUES ('K', 13, 18.50, 9.00);

INSERT INTO zona (letra_zona, numero_barcos, profundidad_amarre, ancho_amarre)
VALUES ('L', 6, 11.25, 7.10);

INSERT INTO zona (letra_zona, numero_barcos, profundidad_amarre, ancho_amarre)
VALUES ('M', 4, 8.75, 6.00);
COMMIT;


INSERT INTO empleado (codigo_empleado, dpi, primer_nombre, segundo_nombre, primer_apellido, segundo_apellido, direccion, telefono, codigo_municipio)
VALUES ('E001', 1234567890123, 'Juan', 'Pablo', 'García', 'Lopez', 'Calle 1, Zona 1', '555-0101', '0101');

INSERT INTO empleado (codigo_empleado, dpi, primer_nombre, segundo_nombre, primer_apellido, segundo_apellido, direccion, telefono, codigo_municipio)
VALUES ('E002', 2345678901234, 'Ana', 'Maria', 'Martinez', 'Soto', 'Calle 2, Zona 2', '555-0102', '0103');

INSERT INTO empleado (codigo_empleado, dpi, primer_nombre, segundo_nombre, primer_apellido, segundo_apellido, direccion, telefono, codigo_municipio)
VALUES ('E003', 3456789012345, 'Carlos', 'Andrés', 'Hernandez', 'Méndez', 'Calle 3, Zona 3', '555-0103', '0104');

INSERT INTO empleado (codigo_empleado, dpi, primer_nombre, segundo_nombre, primer_apellido, segundo_apellido, direccion, telefono, codigo_municipio)
VALUES ('E004', 4567890123456, 'Laura', 'Elena', 'Fernandez', 'Ruiz', 'Calle 4, Zona 4', '555-0104', '0101');

INSERT INTO empleado (codigo_empleado, dpi, primer_nombre, segundo_nombre, primer_apellido, segundo_apellido, direccion, telefono, codigo_municipio)
VALUES ('E005', 5678901234567, 'Miguel', 'Ángel', 'Rodriguez', 'Salazar', 'Calle 5, Zona 5', '555-0105', '0102');

INSERT INTO empleado (codigo_empleado, dpi, primer_nombre, segundo_nombre, primer_apellido, segundo_apellido, direccion, telefono, codigo_municipio)
VALUES ('E006', 6789012345678, 'Sofía', 'Beatriz', 'Morales', 'Vásquez', 'Calle 6, Zona 6', '555-0106', '0103');

INSERT INTO empleado (codigo_empleado, dpi, primer_nombre, segundo_nombre, primer_apellido, segundo_apellido, direccion, telefono, codigo_municipio)
VALUES ('E007', 7890123456789, 'Diego', 'Alejandro', 'Jiménez', 'Cortez', 'Calle 7, Zona 7', '555-0107', '0104');

INSERT INTO empleado (codigo_empleado, dpi, primer_nombre, segundo_nombre, primer_apellido, segundo_apellido, direccion, telefono, codigo_municipio)
VALUES ('E008', 8901234567890, 'Patricia', 'Silvia', 'Castillo', 'Pérez', 'Calle 8, Zona 8', '555-0108', '0101');

INSERT INTO empleado (codigo_empleado, dpi, primer_nombre, segundo_nombre, primer_apellido, segundo_apellido, direccion, telefono, codigo_municipio)
VALUES ('E009', 9012345678901, 'Luis', 'Fernando', 'Gonzalez', 'Alvarado', 'Calle 9, Zona 9', '555-0109', '0103');

INSERT INTO empleado (codigo_empleado, dpi, primer_nombre, segundo_nombre, primer_apellido, segundo_apellido, direccion, telefono, codigo_municipio)
VALUES ('E010', 0123456789012, 'Claudia', 'Victoria', 'Rivas', 'Castaneda', 'Calle 10, Zona 10', '555-0110', '0102');

INSERT INTO empleado (codigo_empleado, dpi, primer_nombre, segundo_nombre, primer_apellido, segundo_apellido, direccion, telefono, codigo_municipio)
VALUES ('E011', 1234567890124, 'Alberto', 'Hugo', 'López', 'Ramirez', 'Calle 11, Zona 11', '555-0111', '0104');

INSERT INTO empleado (codigo_empleado, dpi, primer_nombre, segundo_nombre, primer_apellido, segundo_apellido, direccion, telefono, codigo_municipio)
VALUES ('E012', 2345678901235, 'Verónica', 'Patricia', 'Ponce', 'Guzmán', 'Calle 12, Zona 12', '555-0112', '0101');

INSERT INTO empleado (codigo_empleado, dpi, primer_nombre, segundo_nombre, primer_apellido, segundo_apellido, direccion, telefono, codigo_municipio)
VALUES ('E013', 3456789012346, 'Javier', 'Eduardo', 'Cardenas', 'Sierra', 'Calle 13, Zona 13', '555-0113', '0103');

INSERT INTO empleado (codigo_empleado, dpi, primer_nombre, segundo_nombre, primer_apellido, segundo_apellido, direccion, telefono, codigo_municipio)
VALUES ('E014', 4567890123457, 'Patricio', 'Antonio', 'Núñez', 'Cordero', 'Calle 14, Zona 14', '555-0114', '0104');

INSERT INTO empleado (codigo_empleado, dpi, primer_nombre, segundo_nombre, primer_apellido, segundo_apellido, direccion, telefono, codigo_municipio)
VALUES ('E015', 5678901234568, 'Carmen', 'Lucía', 'Salinas', 'Moreno', 'Calle 15, Zona 15', '555-0115', '0102');
COMMIT;

Select * from empleado;

INSERT INTO empleado_zona (numero_barcos_encargado, letra_zona, codigo_empleado)
VALUES (5, 'A', 'E001');

INSERT INTO empleado_zona (numero_barcos_encargado, letra_zona, codigo_empleado)
VALUES (3, 'A', 'E002');

INSERT INTO empleado_zona (numero_barcos_encargado, letra_zona, codigo_empleado)
VALUES (7, 'B', 'E001');

INSERT INTO empleado_zona (numero_barcos_encargado, letra_zona, codigo_empleado)
VALUES (4, 'C', 'E004');

INSERT INTO empleado_zona (numero_barcos_encargado, letra_zona, codigo_empleado)
VALUES (6, 'D', 'E005');

INSERT INTO empleado_zona (numero_barcos_encargado, letra_zona, codigo_empleado)
VALUES (2, 'E', 'E001');

INSERT INTO empleado_zona (numero_barcos_encargado, letra_zona, codigo_empleado)
VALUES (8, 'F', 'E007');

INSERT INTO empleado_zona (numero_barcos_encargado, letra_zona, codigo_empleado)
VALUES (1, 'G', 'E001');

INSERT INTO empleado_zona (numero_barcos_encargado, letra_zona, codigo_empleado)
VALUES (9, 'H', 'E009');

INSERT INTO empleado_zona (numero_barcos_encargado, letra_zona, codigo_empleado)
VALUES (10, 'I', 'E010');

INSERT INTO empleado_zona (numero_barcos_encargado, letra_zona, codigo_empleado)
VALUES (3, 'J', 'E001');

INSERT INTO empleado_zona (numero_barcos_encargado, letra_zona, codigo_empleado)
VALUES (4, 'K', 'E012');

INSERT INTO empleado_zona (numero_barcos_encargado, letra_zona, codigo_empleado)
VALUES (5, 'L', 'E015');

INSERT INTO empleado_zona (numero_barcos_encargado, letra_zona, codigo_empleado)
VALUES (6, 'M', 'E015');

INSERT INTO empleado_zona (numero_barcos_encargado, letra_zona, codigo_empleado)
VALUES (2, 'A', 'E015');
COMMIT;

INSERT INTO tipo_embarcacion (codigo_tipo, descripcion, letra_zona)
VALUES ('T001', 'Yate de lujo', 'A');

INSERT INTO tipo_embarcacion (codigo_tipo, descripcion, letra_zona)
VALUES ('T002', 'Lancha rápida', 'B');

INSERT INTO tipo_embarcacion (codigo_tipo, descripcion, letra_zona)
VALUES ('T003', 'Barco de pesca', 'C');

INSERT INTO tipo_embarcacion (codigo_tipo, descripcion, letra_zona)
VALUES ('T004', 'Moto de agua', 'D');

INSERT INTO tipo_embarcacion (codigo_tipo, descripcion, letra_zona)
VALUES ('T005', 'Velero', 'E');
COMMIT;

INSERT INTO correo_empleado (codigo_correo, correo, codigo_empleado)
VALUES ('C001', 'juan.garcia@gmail.com', 'E001');

INSERT INTO correo_empleado (codigo_correo, correo, codigo_empleado)
VALUES ('C002', 'ana.martinez@gmail.com', 'E002');

INSERT INTO correo_empleado (codigo_correo, correo, codigo_empleado)
VALUES ('C003', 'carlos.hernandez@gmail.com', 'E003');

INSERT INTO correo_empleado (codigo_correo, correo, codigo_empleado)
VALUES ('C004', 'laura.fernandez@gmail.com', 'E004');

INSERT INTO correo_empleado (codigo_correo, correo, codigo_empleado)
VALUES ('C005', 'miguel.rodriguez@gmail.com', 'E005');

INSERT INTO correo_empleado (codigo_correo, correo, codigo_empleado)
VALUES ('C006', 'sofia.morales@gmail.com', 'E006');

INSERT INTO correo_empleado (codigo_correo, correo, codigo_empleado)
VALUES ('C007', 'diego.jimenez@gmail.com', 'E007');

INSERT INTO correo_empleado (codigo_correo, correo, codigo_empleado)
VALUES ('C008', 'patricia.castillo@gmail.com', 'E008');

INSERT INTO correo_empleado (codigo_correo, correo, codigo_empleado)
VALUES ('C009', 'luis.gonzalez@gmail.com', 'E009');

INSERT INTO correo_empleado (codigo_correo, correo, codigo_empleado)
VALUES ('C010', 'claudia.rivas@gmail.com', 'E010');

INSERT INTO correo_empleado (codigo_correo, correo, codigo_empleado)
VALUES ('C011', 'alberto.lopez@gmail.com', 'E011');

INSERT INTO correo_empleado (codigo_correo, correo, codigo_empleado)
VALUES ('C012', 'veronica.ponce@gmail.com', 'E012');

INSERT INTO correo_empleado (codigo_correo, correo, codigo_empleado)
VALUES ('C013', 'javier.cardenas@gmail.com', 'E013');

INSERT INTO correo_empleado (codigo_correo, correo, codigo_empleado)
VALUES ('C014', 'patricio.nunez@gmail.com', 'E014');

INSERT INTO correo_empleado (codigo_correo, correo, codigo_empleado)
VALUES ('C015', 'carmen.salinas@gmail.com', 'E015');
COMMIT;


INSERT INTO socio (codigo_sicio, primer_nombre, segundo_nombre, tercer_nombre, primer_apellido, segundo_apellido, direccion, dpi, fecha_ingreso, codigo_municipio)
VALUES ('S001', 'Juan', 'Carlos', 'Andrés', 'García', 'López', 'Calle 1, Zona 1', '1234567890123', TO_DATE('2023-01-15', 'YYYY-MM-DD'), '0101');

INSERT INTO socio (codigo_sicio, primer_nombre, segundo_nombre, tercer_nombre, primer_apellido, segundo_apellido, direccion, dpi, fecha_ingreso, codigo_municipio)
VALUES ('S002', 'Ana', 'María', NULL, 'Martínez', 'Soto', 'Calle 2, Zona 2', '2345678901234', TO_DATE('2023-02-20', 'YYYY-MM-DD'), '0102');

INSERT INTO socio (codigo_sicio, primer_nombre, segundo_nombre, tercer_nombre, primer_apellido, segundo_apellido, direccion, dpi, fecha_ingreso, codigo_municipio)
VALUES ('S003', 'Carlos', NULL, NULL, 'Hernández', 'Méndez', 'Calle 3, Zona 3', '3456789012345', TO_DATE('2023-03-10', 'YYYY-MM-DD'), '0102');

INSERT INTO socio (codigo_sicio, primer_nombre, segundo_nombre, tercer_nombre, primer_apellido, segundo_apellido, direccion, dpi, fecha_ingreso, codigo_municipio)
VALUES ('S004', 'Laura', 'Elena', NULL, 'Fernández', 'Ruiz', 'Calle 4, Zona 4', '4567890123456', TO_DATE('2023-04-05', 'YYYY-MM-DD'), '0101');

INSERT INTO socio (codigo_sicio, primer_nombre, segundo_nombre, tercer_nombre, primer_apellido, segundo_apellido, direccion, dpi, fecha_ingreso, codigo_municipio)
VALUES ('S005', 'Miguel', NULL, 'Ángel', 'Rodríguez', 'Salazar', 'Calle 5, Zona 5', '5678901234567', TO_DATE('2023-05-15', 'YYYY-MM-DD'), '0101');

INSERT INTO socio (codigo_sicio, primer_nombre, segundo_nombre, tercer_nombre, primer_apellido, segundo_apellido, direccion, dpi, fecha_ingreso, codigo_municipio)
VALUES ('S006', 'Sofía', 'Beatriz', NULL, 'Morales', 'Vásquez', 'Calle 6, Zona 6', '6789012345678', TO_DATE('2023-06-25', 'YYYY-MM-DD'), '0102');

INSERT INTO socio (codigo_sicio, primer_nombre, segundo_nombre, tercer_nombre, primer_apellido, segundo_apellido, direccion, dpi, fecha_ingreso, codigo_municipio)
VALUES ('S007', 'Diego', NULL, NULL, 'Jiménez', 'Cortez', 'Calle 7, Zona 7', '7890123456789', TO_DATE('2023-07-30', 'YYYY-MM-DD'), '0103');

INSERT INTO socio (codigo_sicio, primer_nombre, segundo_nombre, tercer_nombre, primer_apellido, segundo_apellido, direccion, dpi, fecha_ingreso, codigo_municipio)
VALUES ('S008', 'Patricia', 'Silvia', NULL, 'Castillo', 'Pérez', 'Calle 8, Zona 8', '8901234567890', TO_DATE('2023-08-10', 'YYYY-MM-DD'), '0101');

INSERT INTO socio (codigo_sicio, primer_nombre, segundo_nombre, tercer_nombre, primer_apellido, segundo_apellido, direccion, dpi, fecha_ingreso, codigo_municipio)
VALUES ('S009', 'Luis', NULL, 'Fernando', 'González', 'Alvarado', 'Calle 9, Zona 9', '9012345678901', TO_DATE('2023-09-20', 'YYYY-MM-DD'), '0101');

INSERT INTO socio (codigo_sicio, primer_nombre, segundo_nombre, tercer_nombre, primer_apellido, segundo_apellido, direccion, dpi, fecha_ingreso, codigo_municipio)
VALUES ('S010', 'Claudia', 'Victoria', NULL, 'Rivas', 'Castaneda', 'Calle 10, Zona 10', '0123456789012', TO_DATE('2023-10-05', 'YYYY-MM-DD'), '0102');

INSERT INTO socio (codigo_sicio, primer_nombre, segundo_nombre, tercer_nombre, primer_apellido, segundo_apellido, direccion, dpi, fecha_ingreso, codigo_municipio)
VALUES ('S011', 'Alberto', NULL, 'Hugo', 'López', 'Ramirez', 'Calle 11, Zona 11', '1234567890124', TO_DATE('2023-01-12', 'YYYY-MM-DD'), '0103');

INSERT INTO socio (codigo_sicio, primer_nombre, segundo_nombre, tercer_nombre, primer_apellido, segundo_apellido, direccion, dpi, fecha_ingreso, codigo_municipio)
VALUES ('S012', 'Verónica', 'Patricia', NULL, 'Ponce', 'Guzmán', 'Calle 12, Zona 12', '2345678901235', TO_DATE('2023-02-15', 'YYYY-MM-DD'), '0101');

INSERT INTO socio (codigo_sicio, primer_nombre, segundo_nombre, tercer_nombre, primer_apellido, segundo_apellido, direccion, dpi, fecha_ingreso, codigo_municipio)
VALUES ('S013', 'Javier', NULL, 'Eduardo', 'Cárdenas', 'Sierra', 'Calle 13, Zona 13', '3456789012346', TO_DATE('2023-03-22', 'YYYY-MM-DD'), '0101');

INSERT INTO socio (codigo_sicio, primer_nombre, segundo_nombre, tercer_nombre, primer_apellido, segundo_apellido, direccion, dpi, fecha_ingreso, codigo_municipio)
VALUES ('S014', 'Patricio', 'Antonio', NULL, 'Núñez', 'Cordero', 'Calle 14, Zona 14', '4567890123457', TO_DATE('2023-04-18', 'YYYY-MM-DD'), '0102');

INSERT INTO socio (codigo_sicio, primer_nombre, segundo_nombre, tercer_nombre, primer_apellido, segundo_apellido, direccion, dpi, fecha_ingreso, codigo_municipio)
VALUES ('S015', 'Carmen', 'Lucía', NULL, 'Salinas', 'Moreno', 'Calle 15, Zona 15', '5678901234568', TO_DATE('2023-05-26', 'YYYY-MM-DD'), '0101');
COMMIT;


INSERT INTO correo_socio (codigo_correo, correo, codigo_sicio)
VALUES ('C001', 'juan.garcia@gmail.com', 'S001');

INSERT INTO correo_socio (codigo_correo, correo, codigo_sicio)
VALUES ('C002', 'ana.martinez@gmail.com', 'S002');

INSERT INTO correo_socio (codigo_correo, correo, codigo_sicio)
VALUES ('C003', 'carlos.hernandez@gmail.com', 'S003');

INSERT INTO correo_socio (codigo_correo, correo, codigo_sicio)
VALUES ('C004', 'laura.fernandez@gmail.com', 'S004');

INSERT INTO correo_socio (codigo_correo, correo, codigo_sicio)
VALUES ('C005', 'miguel.rodriguez@gmail.com', 'S005');

INSERT INTO correo_socio (codigo_correo, correo, codigo_sicio)
VALUES ('C006', 'sofia.morales@gmail.com', 'S006');

INSERT INTO correo_socio (codigo_correo, correo, codigo_sicio)
VALUES ('C007', 'diego.jimenez@gmail.com', 'S007');

INSERT INTO correo_socio (codigo_correo, correo, codigo_sicio)
VALUES ('C008', 'patricia.castillo@gmail.com', 'S008');

INSERT INTO correo_socio (codigo_correo, correo, codigo_sicio)
VALUES ('C009', 'luis.gonzalez@gmail.com', 'S009');

INSERT INTO correo_socio (codigo_correo, correo, codigo_sicio)
VALUES ('C010', 'claudia.rivas@gmail.com', 'S010');

INSERT INTO correo_socio (codigo_correo, correo, codigo_sicio)
VALUES ('C011', 'alberto.lopez@gmail.com', 'S011');

INSERT INTO correo_socio (codigo_correo, correo, codigo_sicio)
VALUES ('C012', 'veronica.ponce@gmail.com', 'S012');

INSERT INTO correo_socio (codigo_correo, correo, codigo_sicio)
VALUES ('C013', 'javier.cardenas@gmail.com', 'S013');

INSERT INTO correo_socio (codigo_correo, correo, codigo_sicio)
VALUES ('C014', 'patricio.nunez@gmail.com', 'S014');

INSERT INTO correo_socio (codigo_correo, correo, codigo_sicio)
VALUES ('C015', 'carmen.salinas@gmail.com', 'S015');
COMMIT;

INSERT INTO telefono_socio (telefono, prefijo, numero, socio_codigo_sicio)
VALUES ('T001', '+502', '12345678', 'S001');

INSERT INTO telefono_socio (telefono, prefijo, numero, socio_codigo_sicio)
VALUES ('T002', '+502', '23456789', 'S002');

INSERT INTO telefono_socio (telefono, prefijo, numero, socio_codigo_sicio)
VALUES ('T003', '+502', '34567890', 'S003');

INSERT INTO telefono_socio (telefono, prefijo, numero, socio_codigo_sicio)
VALUES ('T004', '+502', '45678901', 'S004');

INSERT INTO telefono_socio (telefono, prefijo, numero, socio_codigo_sicio)
VALUES ('T005', '+502', '56789012', 'S005');

INSERT INTO telefono_socio (telefono, prefijo, numero, socio_codigo_sicio)
VALUES ('T006', '+502', '67890123', 'S006');

INSERT INTO telefono_socio (telefono, prefijo, numero, socio_codigo_sicio)
VALUES ('T007', '+502', '78901234', 'S007');

INSERT INTO telefono_socio (telefono, prefijo, numero, socio_codigo_sicio)
VALUES ('T008', '+502', '89012345', 'S008');

INSERT INTO telefono_socio (telefono, prefijo, numero, socio_codigo_sicio)
VALUES ('T009', '+502', '90123456', 'S009');

INSERT INTO telefono_socio (telefono, prefijo, numero, socio_codigo_sicio)
VALUES ('T010', '+502', '01234567', 'S010');

INSERT INTO telefono_socio (telefono, prefijo, numero, socio_codigo_sicio)
VALUES ('T011', '+502', '12345678', 'S011');

INSERT INTO telefono_socio (telefono, prefijo, numero, socio_codigo_sicio)
VALUES ('T012', '+502', '23456789', 'S012');

INSERT INTO telefono_socio (telefono, prefijo, numero, socio_codigo_sicio)
VALUES ('T013', '+502', '34567890', 'S013');

INSERT INTO telefono_socio (telefono, prefijo, numero, socio_codigo_sicio)
VALUES ('T014', '+502', '45678901', 'S014');

INSERT INTO telefono_socio (telefono, prefijo, numero, socio_codigo_sicio)
VALUES ('T015', '+502', '56789012', 'S015');
COMMIT;



INSERT INTO compra_amarre (codigo_compra, fecha_compra, codigo_sicio)
VALUES ('CAM001', TO_DATE('2023-01-10', 'YYYY-MM-DD'), 'S001');

INSERT INTO compra_amarre (codigo_compra, fecha_compra, codigo_sicio)
VALUES ('CAM002', TO_DATE('2023-02-15', 'YYYY-MM-DD'), 'S002');

INSERT INTO compra_amarre (codigo_compra, fecha_compra, codigo_sicio)
VALUES ('CAM003', TO_DATE('2023-03-20', 'YYYY-MM-DD'), 'S003');

INSERT INTO compra_amarre (codigo_compra, fecha_compra, codigo_sicio)
VALUES ('CAM004', TO_DATE('2023-04-25', 'YYYY-MM-DD'), 'S004');

INSERT INTO compra_amarre (codigo_compra, fecha_compra, codigo_sicio)
VALUES ('CAM005', TO_DATE('2023-05-30', 'YYYY-MM-DD'), 'S005');

INSERT INTO compra_amarre (codigo_compra, fecha_compra, codigo_sicio)
VALUES ('CAM006', TO_DATE('2023-06-05', 'YYYY-MM-DD'), 'S002');

INSERT INTO compra_amarre (codigo_compra, fecha_compra, codigo_sicio)
VALUES ('CAM007', TO_DATE('2023-07-10', 'YYYY-MM-DD'), 'S001');

INSERT INTO compra_amarre (codigo_compra, fecha_compra, codigo_sicio)
VALUES ('CAM008', TO_DATE('2023-08-15', 'YYYY-MM-DD'), 'S001');

INSERT INTO compra_amarre (codigo_compra, fecha_compra, codigo_sicio)
VALUES ('CAM009', TO_DATE('2023-09-20', 'YYYY-MM-DD'), 'S009');

INSERT INTO compra_amarre (codigo_compra, fecha_compra, codigo_sicio)
VALUES ('CAM010', TO_DATE('2023-10-25', 'YYYY-MM-DD'), 'S010');

INSERT INTO compra_amarre (codigo_compra, fecha_compra, codigo_sicio)
VALUES ('CAM011', TO_DATE('2023-11-30', 'YYYY-MM-DD'), 'S001');

INSERT INTO compra_amarre (codigo_compra, fecha_compra, codigo_sicio)
VALUES ('CAM012', TO_DATE('2023-12-05', 'YYYY-MM-DD'), 'S012');

INSERT INTO compra_amarre (codigo_compra, fecha_compra, codigo_sicio)
VALUES ('CAM013', TO_DATE('2024-01-15', 'YYYY-MM-DD'), 'S002');

INSERT INTO compra_amarre (codigo_compra, fecha_compra, codigo_sicio)
VALUES ('CAM014', TO_DATE('2024-02-20', 'YYYY-MM-DD'), 'S014');

INSERT INTO compra_amarre (codigo_compra, fecha_compra, codigo_sicio)
VALUES ('CAM015', TO_DATE('2024-03-25', 'YYYY-MM-DD'), 'S005');
COMMIT;






INSERT INTO amarre (numero_amarre, lectura_contador_luz, lectura_contador_agua, servicios_contratados, codigo_compra, letra_zona, fecha_asignacion_amarre)
VALUES (1001, 250.75, 150.50, 'Agua, Luz', 'CAM001', 'A', TO_DATE('12/01/2023', 'DD/MM/YYYY'));

INSERT INTO amarre (numero_amarre, lectura_contador_luz, lectura_contador_agua, servicios_contratados, codigo_compra, letra_zona, fecha_asignacion_amarre)
VALUES (1002, 300.10, 200.25, 'Agua', 'CAM002', 'B', TO_DATE('14/02/2023', 'DD/MM/YYYY'));

INSERT INTO amarre (numero_amarre, lectura_contador_luz, lectura_contador_agua, servicios_contratados, codigo_compra, letra_zona, fecha_asignacion_amarre)
VALUES (1003, 400.40, 250.00, 'Luz', 'CAM003', 'C', TO_DATE('20/03/2023', 'DD/MM/YYYY'));

INSERT INTO amarre (numero_amarre, lectura_contador_luz, lectura_contador_agua, servicios_contratados, codigo_compra, letra_zona, fecha_asignacion_amarre)
VALUES (1004, 500.00, 300.75, 'Agua, Luz', 'CAM004', 'D', TO_DATE('25/04/2023', 'DD/MM/YYYY'));

INSERT INTO amarre (numero_amarre, lectura_contador_luz, lectura_contador_agua, servicios_contratados, codigo_compra, letra_zona, fecha_asignacion_amarre)
VALUES (1005, 600.25, 350.50, 'Agua', 'CAM005', 'E', TO_DATE('30/05/2023', 'DD/MM/YYYY'));

INSERT INTO amarre (numero_amarre, lectura_contador_luz, lectura_contador_agua, servicios_contratados, codigo_compra, letra_zona, fecha_asignacion_amarre)
VALUES (1006, 700.10, 400.00, 'Luz', 'CAM006', 'F', TO_DATE('05/06/2023', 'DD/MM/YYYY'));

INSERT INTO amarre (numero_amarre, lectura_contador_luz, lectura_contador_agua, servicios_contratados, codigo_compra, letra_zona, fecha_asignacion_amarre)
VALUES (1007, 800.00, 450.25, 'Agua, Luz', 'CAM001', 'G', TO_DATE('10/07/2023', 'DD/MM/YYYY'));

INSERT INTO amarre (numero_amarre, lectura_contador_luz, lectura_contador_agua, servicios_contratados, codigo_compra, letra_zona, fecha_asignacion_amarre)
VALUES (1008, 900.75, 500.00, 'Agua', 'CAM001', 'H', TO_DATE('15/08/2023', 'DD/MM/YYYY'));

INSERT INTO amarre (numero_amarre, lectura_contador_luz, lectura_contador_agua, servicios_contratados, codigo_compra, letra_zona, fecha_asignacion_amarre)
VALUES (1009, 1000.00, 550.50, 'Luz', 'CAM009', 'I', TO_DATE('20/09/2023', 'DD/MM/YYYY'));

INSERT INTO amarre (numero_amarre, lectura_contador_luz, lectura_contador_agua, servicios_contratados, codigo_compra, letra_zona, fecha_asignacion_amarre)
VALUES (1010, 1100.10, 600.25, 'Agua, Luz', 'CAM002', 'J', TO_DATE('25/10/2023', 'DD/MM/YYYY'));

INSERT INTO amarre (numero_amarre, lectura_contador_luz, lectura_contador_agua, servicios_contratados, codigo_compra, letra_zona, fecha_asignacion_amarre)
VALUES (1011, 1200.00, 650.00, 'Agua', 'CAM001', 'K', TO_DATE('30/11/2023', 'DD/MM/YYYY'));

INSERT INTO amarre (numero_amarre, lectura_contador_luz, lectura_contador_agua, servicios_contratados, codigo_compra, letra_zona, fecha_asignacion_amarre)
VALUES (1012, 1300.50, 700.75, 'Luz', 'CAM012', 'L', TO_DATE('05/12/2023', 'DD/MM/YYYY'));

INSERT INTO amarre (numero_amarre, lectura_contador_luz, lectura_contador_agua, servicios_contratados, codigo_compra, letra_zona, fecha_asignacion_amarre)
VALUES (1013, 1400.00, 750.00, 'Agua, Luz', 'CAM002', 'A', TO_DATE('15/01/2024', 'DD/MM/YYYY'));

INSERT INTO amarre (numero_amarre, lectura_contador_luz, lectura_contador_agua, servicios_contratados, codigo_compra, letra_zona, fecha_asignacion_amarre)
VALUES (1014, 1500.25, 800.25, 'Agua', 'CAM014', 'B', TO_DATE('20/02/2024', 'DD/MM/YYYY'));

INSERT INTO amarre (numero_amarre, lectura_contador_luz, lectura_contador_agua, servicios_contratados, codigo_compra, letra_zona, fecha_asignacion_amarre)
VALUES (1015, 1600.00, 850.00, 'Luz', 'CAM001', 'C', TO_DATE('25/03/2024', 'DD/MM/YYYY'));
COMMIT;

INSERT INTO embarcacion (matricula, nombre, dimensiones, codigo_sicio, numero_amarre, codigo_tipo)
VALUES ('EMB001', 'Barco Aventura', 20.50, 'S001', 1001, 'T001');

INSERT INTO embarcacion (matricula, nombre, dimensiones, codigo_sicio, numero_amarre, codigo_tipo)
VALUES ('EMB002', 'Nave Estrella', 15.75, 'S002', 1002, 'T002');

INSERT INTO embarcacion (matricula, nombre, dimensiones, codigo_sicio, numero_amarre, codigo_tipo)
VALUES ('EMB003', 'Yate Sol', 30.00, 'S003', 1003, 'T004');

INSERT INTO embarcacion (matricula, nombre, dimensiones, codigo_sicio, numero_amarre, codigo_tipo)
VALUES ('EMB004', 'Veleros Mar', 18.25, 'S004', 1004, 'T001');

INSERT INTO embarcacion (matricula, nombre, dimensiones, codigo_sicio, numero_amarre, codigo_tipo)
VALUES ('EMB005', 'Lancha Rápida', 12.50, 'S005', 1005, 'T005');

INSERT INTO embarcacion (matricula, nombre, dimensiones, codigo_sicio, numero_amarre, codigo_tipo)
VALUES ('EMB006', 'Catamarán Aguas', 25.00, 'S006', 1006, 'T003');

INSERT INTO embarcacion (matricula, nombre, dimensiones, codigo_sicio, numero_amarre, codigo_tipo)
VALUES ('EMB007', 'Barco de Pesca', 22.30, 'S007', 1007, 'T001');

INSERT INTO embarcacion (matricula, nombre, dimensiones, codigo_sicio, numero_amarre, codigo_tipo)
VALUES ('EMB008', 'Yate del Viento', 35.50, 'S001', 1008, 'T002');

INSERT INTO embarcacion (matricula, nombre, dimensiones, codigo_sicio, numero_amarre, codigo_tipo)
VALUES ('EMB009', 'Nave Oceánica', 28.00, 'S001', 1009, 'T003');

INSERT INTO embarcacion (matricula, nombre, dimensiones, codigo_sicio, numero_amarre, codigo_tipo)
VALUES ('EMB010', 'Barco del Sol', 17.80, 'S002', 1010, 'T001');

INSERT INTO embarcacion (matricula, nombre, dimensiones, codigo_sicio, numero_amarre, codigo_tipo)
VALUES ('EMB011', 'Lancha de Aventura', 14.60, 'S011', 1011, 'T002');

INSERT INTO embarcacion (matricula, nombre, dimensiones, codigo_sicio, numero_amarre, codigo_tipo)
VALUES ('EMB012', 'Barco del Horizonte', 24.40, 'S012', 1012, 'T003');

INSERT INTO embarcacion (matricula, nombre, dimensiones, codigo_sicio, numero_amarre, codigo_tipo)
VALUES ('EMB013', 'Velero del Mar', 21.00, 'S001', 1013, 'T001');

INSERT INTO embarcacion (matricula, nombre, dimensiones, codigo_sicio, numero_amarre, codigo_tipo)
VALUES ('EMB014', 'Catamarán del Sol', 29.50, 'S014', 1014, 'T002');

INSERT INTO embarcacion (matricula, nombre, dimensiones, codigo_sicio, numero_amarre, codigo_tipo)
VALUES ('EMB015', 'Nave del Viento', 27.00, 'S002', 1015, 'T003');
COMMIT;

SELECT * FROM SOCIO;
 
SELECT S.PRIMER_NOMBRE AS NOMBRE, S.DPI, M.NOMBRE AS MUNICIPIO FROM SOCIO S JOIN MUNICIPIO M ON M.CODIGO_MUNICIPIO = S.CODIGO_MUNICIPIO WHERE M.NOMBRE IN('Guatemala');
	 
SELECT DISTINCT S.CODIGO_SICIO, S.PRIMER_NOMBRE, C.CODIGO_COMPRA, C.FECHA_COMPRA, A.NUMERO_AMARRE FROM SOCIO S, COMPRA_AMARRE C, AMARRE A WHERE S.CODIGO_SICIO = C.CODIGO_SICIO AND C.CODIGO_COMPRA = A.CODIGO_COMPRA;
 
SELECT E.MATRICULA, E.NOMBRE, E.DIMENSIONES, T.DESCRIPCION FROM EMBARCACION E JOIN TIPO_EMBARCACION T ON T.CODIGO_TIPO = E.CODIGO_TIPO WHERE T.CODIGO_TIPO = 'T001'; 
SELECT A.NUMERO_AMARRE, A.SERVICIOS_CONTRATADOS, A.FECHA_ASIGNACION_AMARRE AS FEHCA, A.LETRA_ZONA AS LETRA FROM AMARRE A WHERE A.LETRA_ZONA NOT IN('A','B') ORDER BY A.LETRA_ZONA;
 
SELECT DISTINCT E.CODIGO_EMPLEADO, E.PRIMER_NOMBRE, E.TELEFONO, EZ.NUMERO_BARCOS_ENCARGADO, EZ.LETRA_ZONA FROM EMPLEADO E, EMPLEADO_ZONA EZ WHERE E.CODIGO_EMPLEADO = EZ.CODIGO_EMPLEADO;


SELECT * FROM SOCIO WHERE CODIGO_SICIO = 'S001';

SELECT * FROM EMBARCACION WHERE CODIGO_TIPO = 'T001';

SELECT DISTINCT E.CODIGO_EMPLEADO, E.PRIMER_NOMBRE, E.TELEFONO, EZ.NUMERO_BARCOS_ENCARGADO, EZ.LETRA_ZONA 
FROM EMPLEADO E, EMPLEADO_ZONA EZ WHERE E.CODIGO_EMPLEADO = EZ.CODIGO_EMPLEADO AND E.CODIGO_EMPLEADO = 'E005';


SELECT S.PRIMER_NOMBRE AS NOMBRE, S.DPI, M.NOMBRE AS MUNICIPIO 
FROM SOCIO S JOIN MUNICIPIO M ON M.CODIGO_MUNICIPIO = S.CODIGO_MUNICIPIO WHERE M.NOMBRE IN('Guatemala') ORDER BY S.PRIMER_NOMBRE DESC;

SELECT * FROM COMPRA_AMARRE;















